{
  "type": "FeatureCollection",
  "features": [
    {
      "type": "Feature",
      "geometry": {
        "type": "Polygon",
        "coordinates": [
          [
            [
              124.493646,
              -8.697581
            ],
            [
              124.619993,
              -8.246499
            ],
            [
              124.939419,
              -7.917297
            ],
            [
              124.908073,
              -8.658524
            ],
            [
              124.499559,
              -8.729624
            ]
          ]
        ]
      },
      "properties": {}
    },
    {
      "type": "Feature",
      "geometry": {
        "type": "Polygon",
        "coordinates": [
          [
            [
              114.277476,
              -7.333043
            ],
            [
              114.049401,
              -7.943575
            ],
            [
              114.089578,
              -8.064959
            ],
            [
              114.500485,
              -7.945313
            ],
            [
              114.860504,
              -7.476168
            ],
            [
              114.868558,
              -7.448893
            ],
            [
              114.632173,
              -7.183558
            ]
          ]
        ]
      },
      "properties": {}
    },
    {
      "type": "Feature",
      "geometry": {
        "type": "Polygon",
        "coordinates": [
          [
            [
              102.421693,
              -3.47965
            ],
            [
              102.438609,
              -3.268278
            ],
            [
              102.051601,
              -3.299638
            ],
            [
              102.022596,
              -3.599015
            ],
            [
              102.357346,
              -3.591037
            ]
          ]
        ]
      },
      "properties": {}
    },
    {
      "type": "Feature",
      "geometry": {
        "type": "Polygon",
        "coordinates": [
          [
            [
              107.584264,
              -7.075666
            ],
            [
              107.737931,
              -7.169989
            ],
            [
              107.851978,
              -7.036694
            ],
            [
              107.845309,
              -6.922372
            ],
            [
              107.728135,
              -6.872557
            ],
            [
              107.702387,
              -6.884269
            ],
            [
              107.562682,
              -6.9982
            ]
          ]
        ]
      },
      "properties": {}
    },
    {
      "type": "Feature",
      "geometry": {
        "type": "Polygon",
        "coordinates": [
          [
            [
              108.518811,
              -7.012085
            ],
            [
              108.646572,
              -7.093975
            ],
            [
              108.713067,
              -7.103825
            ],
            [
              108.843384,
              -7.026157
            ],
            [
              108.930621,
              -6.3512
            ],
            [
              108.526574,
              -6.822077
            ]
          ]
        ]
      },
      "properties": {}
    },
    {
      "type": "Feature",
      "geometry": {
        "type": "Polygon",
        "coordinates": [
          [
            [
              123.69399,
              -6.977467
            ],
            [
              124.058046,
              -7.681649
            ],
            [
              124.619993,
              -8.246499
            ],
            [
              124.939419,
              -7.917297
            ],
            [
              125.32304,
              -6.51204
            ],
            [
              125.291991,
              -6.250591
            ],
            [
              123.683256,
              -6.847155
            ]
          ]
        ]
      },
      "properties": {}
    },
    {
      "type": "Feature",
      "geometry": {
        "type": "Polygon",
        "coordinates": [
          [
            [
              124.908073,
              -8.658524
            ],
            [
              126.029528,
              -9.027568
            ],
            [
              125.32304,
              -6.51204
            ],
            [
              124.939419,
              -7.917297
            ]
          ]
        ]
      },
      "properties": {}
    },
    {
      "type": "Feature",
      "geometry": {
        "type": "Polygon",
        "coordinates": [
          [
            [
              106.754212,
              -6.26531
            ],
            [
              106.655264,
              -6.26531
            ],
            [
              106.655249,
              -6.265187
            ],
            [
              106.686772,
              -6.230725
            ]
          ]
        ]
      },
      "properties": {}
    },
    {
      "type": "Feature",
      "geometry": {
        "type": "Polygon",
        "coordinates": [
          [
            [
              132.556627,
              0.119796
            ],
            [
              133.197265,
              -1.40343
            ],
            [
              133.183959,
              -1.7435
            ],
            [
              132.676873,
              -2.12283
            ],
            [
              132.240122,
              -1.272237
            ]
          ]
        ]
      },
      "properties": {}
    },
    {
      "type": "Feature",
      "geometry": {
        "type": "Polygon",
        "coordinates": [
          [
            [
              124.493646,
              -8.697581
            ],
            [
              124.058046,
              -7.681649
            ],
            [
              124.619993,
              -8.246499
            ]
          ]
        ]
      },
      "properties": {}
    },
    {
      "type": "Feature",
      "geometry": {
        "type": "Polygon",
        "coordinates": [
          [
            [
              133.197265,
              -1.40343
            ],
            [
              133.785145,
              -1.043573
            ],
            [
              134.211781,
              -1.180625
            ],
            [
              133.678944,
              -1.93302
            ],
            [
              133.183959,
              -1.7435
            ]
          ]
        ]
      },
      "properties": {}
    },
    {
      "type": "Feature",
      "geometry": {
        "type": "Polygon",
        "coordinates": [
          [
            [
              121.039301,
              -0.355229
            ],
            [
              121.913572,
              -0.738618
            ],
            [
              121.956737,
              -1.170273
            ],
            [
              121.728402,
              -1.426681
            ],
            [
              121.022191,
              -0.362057
            ]
          ]
        ]
      },
      "properties": {}
    },
    {
      "type": "Feature",
      "geometry": {
        "type": "Polygon",
        "coordinates": [
          [
            [
              100.372235,
              -1.122239
            ],
            [
              100.435535,
              -0.686099
            ],
            [
              100.103419,
              -0.660549
            ],
            [
              100.072135,
              -0.675181
            ],
            [
              99.648981,
              -0.910436
            ],
            [
              99.743936,
              -1.187061
            ],
            [
              99.883729,
              -1.418835
            ],
            [
              100.221532,
              -1.245866
            ]
          ]
        ]
      },
      "properties": {}
    },
    {
      "type": "Feature",
      "geometry": {
        "type": "Polygon",
        "coordinates": [
          [
            [
              102.649275,
              -3.882964
            ],
            [
              102.229669,
              -4.26239
            ],
            [
              102.355519,
              -3.974139
            ],
            [
              102.474907,
              -3.76679
            ],
            [
              102.623799,
              -3.834572
            ]
          ]
        ]
      },
      "properties": {}
    },
    {
      "type": "Feature",
      "geometry": {
        "type": "Polygon",
        "coordinates": [
          [
            [
              140.457911,
              -2.714008
            ],
            [
              140.347255,
              -2.76072
            ],
            [
              140.263886,
              -2.946374
            ],
            [
              140.383472,
              -3.171228
            ],
            [
              140.430454,
              -3.161768
            ],
            [
              140.774513,
              -2.701488
            ],
            [
              140.644675,
              -2.647338
            ]
          ]
        ]
      },
      "properties": {}
    },
    {
      "type": "Feature",
      "geometry": {
        "type": "Polygon",
        "coordinates": [
          [
            [
              133.526077,
              -4.824393
            ],
            [
              134.684059,
              -4.542191
            ],
            [
              135.122094,
              -4.757496
            ],
            [
              135.322128,
              -4.876685
            ],
            [
              135.553716,
              -5.147594
            ],
            [
              136.577909,
              -7.3477
            ],
            [
              136.440125,
              -8.245124
            ],
            [
              136.065627,
              -9.680418
            ],
            [
              135.161974,
              -9.876088
            ],
            [
              133.39404,
              -7.411938
            ]
          ]
        ]
      },
      "properties": {}
    },
    {
      "type": "Feature",
      "geometry": {
        "type": "Polygon",
        "coordinates": [
          [
            [
              140.774513,
              -2.701488
            ],
            [
              142.876446,
              -2.461367
            ],
            [
              142.990407,
              -3.0
            ],
            [
              142.922691,
              -3.261659
            ],
            [
              140.430454,
              -3.161768
            ]
          ]
        ]
      },
      "properties": {}
    },
    {
      "type": "Feature",
      "geometry": {
        "type": "Polygon",
        "coordinates": [
          [
            [
              114.632173,
              -7.183558
            ],
            [
              114.379809,
              -5.290859
            ],
            [
              114.396491,
              -5.247338
            ],
            [
              115.711011,
              -5.075136
            ],
            [
              117.132832,
              -5.427103
            ],
            [
              117.24929,
              -5.709861
            ],
            [
              117.331349,
              -5.919127
            ],
            [
              117.01187,
              -6.582833
            ],
            [
              115.949293,
              -7.463094
            ],
            [
              115.553998,
              -7.489697
            ],
            [
              114.868558,
              -7.448893
            ]
          ]
        ]
      },
      "properties": {}
    },
    {
      "type": "Feature",
      "geometry": {
        "type": "Polygon",
        "coordinates": [
          [
            [
              105.662093,
              -5.977299
            ],
            [
              105.935461,
              -6.129584
            ],
            [
              105.962549,
              -6.071315
            ],
            [
              105.73362,
              -5.908072
            ]
          ]
        ]
      },
      "properties": {}
    },
    {
      "type": "Feature",
      "geometry": {
        "type": "Polygon",
        "coordinates": [
          [
            [
              95.814874,
              3.524758
            ],
            [
              95.840363,
              2.693081
            ],
            [
              93.362753,
              0.417241
            ],
            [
              93.076362,
              1.0
            ],
            [
              92.789433,
              3.0
            ],
            [
              92.884243,
              3.463589
            ],
            [
              95.230718,
              3.685744
            ]
          ]
        ]
      },
      "properties": {}
    },
    {
      "type": "Feature",
      "geometry": {
        "type": "Polygon",
        "coordinates": [
          [
            [
              123.964932,
              -9.944139
            ],
            [
              124.384148,
              -9.901252
            ],
            [
              124.891856,
              -12.090451
            ],
            [
              124.629176,
              -12.070476
            ],
            [
              124.165679,
              -11.257613
            ],
            [
              123.983379,
              -10.110949
            ]
          ]
        ]
      },
      "properties": {}
    },
    {
      "type": "Feature",
      "geometry": {
        "type": "Polygon",
        "coordinates": [
          [
            [
              113.358862,
              -7.058577
            ],
            [
              113.69194,
              -7.052262
            ],
            [
              113.791372,
              -7.399091
            ],
            [
              113.75148,
              -7.436198
            ],
            [
              113.489679,
              -7.536925
            ],
            [
              113.390257,
              -7.491737
            ]
          ]
        ]
      },
      "properties": {}
    },
    {
      "type": "Feature",
      "geometry": {
        "type": "Polygon",
        "coordinates": [
          [
            [
              123.851185,
              -9.765554
            ],
            [
              124.271807,
              -9.540084
            ],
            [
              124.333673,
              -8.929391
            ],
            [
              124.326008,
              -8.912015
            ],
            [
              123.884714,
              -8.895919
            ],
            [
              123.218228,
              -9.373099
            ],
            [
              123.410595,
              -9.503548
            ]
          ]
        ]
      },
      "properties": {}
    },
    {
      "type": "Feature",
      "geometry": {
        "type": "Polygon",
        "coordinates": [
          [
            [
              124.333673,
              -8.929391
            ],
            [
              124.326008,
              -8.912015
            ],
            [
              124.499559,
              -8.729624
            ],
            [
              124.908073,
              -8.658524
            ],
            [
              126.029528,
              -9.027568
            ],
            [
              127.03353,
              -10.376923
            ],
            [
              125.0606,
              -9.676829
            ]
          ]
        ]
      },
      "properties": {}
    },
    {
      "type": "Feature",
      "geometry": {
        "type": "Polygon",
        "coordinates": [
          [
            [
              98.423041,
              3.204189
            ],
            [
              98.293579,
              3.412105
            ],
            [
              98.3398,
              3.415145
            ],
            [
              98.674988,
              3.361466
            ],
            [
              98.840897,
              3.272884
            ],
            [
              98.739741,
              3.161744
            ]
          ]
        ]
      },
      "properties": {}
    },
    {
      "type": "Feature",
      "geometry": {
        "type": "Polygon",
        "coordinates": [
          [
            [
              113.045235,
              -6.711757
            ],
            [
              113.001976,
              -6.47002
            ],
            [
              112.519968,
              -7.099166
            ],
            [
              112.731019,
              -7.196677
            ],
            [
              112.981714,
              -7.086916
            ]
          ]
        ]
      },
      "properties": {}
    },
    {
      "type": "Feature",
      "geometry": {
        "type": "Polygon",
        "coordinates": [
          [
            [
              106.233055,
              -6.298219
            ],
            [
              106.268654,
              -6.28621
            ],
            [
              106.345075,
              -6.368214
            ],
            [
              106.286125,
              -6.436164
            ],
            [
              106.19994,
              -6.402985
            ]
          ]
        ]
      },
      "properties": {}
    },
    {
      "type": "Feature",
      "geometry": {
        "type": "Polygon",
        "coordinates": [
          [
            [
              111.093441,
              -7.981846
            ],
            [
              111.109339,
              -7.993637
            ],
            [
              111.453599,
              -8.149588
            ],
            [
              111.377403,
              -7.793374
            ],
            [
              111.136641,
              -7.761833
            ]
          ]
        ]
      },
      "properties": {}
    },
    {
      "type": "Feature",
      "geometry": {
        "type": "Polygon",
        "coordinates": [
          [
            [
              97.565278,
              1.817732
            ],
            [
              96.80384,
              1.689941
            ],
            [
              96.894369,
              2.649691
            ],
            [
              97.505258,
              2.710208
            ],
            [
              97.621233,
              2.427185
            ]
          ]
        ]
      },
      "properties": {}
    },
    {
      "type": "Feature",
      "geometry": {
        "type": "Polygon",
        "coordinates": [
          [
            [
              96.226752,
              4.303562
            ],
            [
              96.190883,
              3.47087
            ],
            [
              95.814874,
              3.524758
            ],
            [
              95.230718,
              3.685744
            ],
            [
              95.861755,
              4.41253
            ],
            [
              95.94367,
              4.504522
            ],
            [
              96.15408,
              4.500786
            ]
          ]
        ]
      },
      "properties": {}
    },
    {
      "type": "Feature",
      "geometry": {
        "type": "Polygon",
        "coordinates": [
          [
            [
              119.303916,
              -4.72695
            ],
            [
              118.588182,
              -4.515933
            ],
            [
              119.250012,
              -4.07674
            ],
            [
              119.560055,
              -4.114192
            ],
            [
              119.85805,
              -4.600015
            ],
            [
              119.521714,
              -4.753966
            ]
          ]
        ]
      },
      "properties": {}
    },
    {
      "type": "Feature",
      "geometry": {
        "type": "Polygon",
        "coordinates": [
          [
            [
              132.676873,
              -2.12283
            ],
            [
              133.183959,
              -1.7435
            ],
            [
              133.678944,
              -1.93302
            ],
            [
              134.069121,
              -2.209765
            ],
            [
              133.905024,
              -3.025675
            ],
            [
              133.014784,
              -3.231735
            ],
            [
              132.665547,
              -2.137181
            ]
          ]
        ]
      },
      "properties": {}
    },
    {
      "type": "Feature",
      "geometry": {
        "type": "Polygon",
        "coordinates": [
          [
            [
              121.4504,
              -5.576834
            ],
            [
              121.515884,
              -5.709449
            ],
            [
              121.518917,
              -5.782
            ],
            [
              120.119394,
              -5.885906
            ],
            [
              120.123864,
              -5.655261
            ],
            [
              120.464832,
              -5.219801
            ],
            [
              121.164549,
              -5.046273
            ]
          ]
        ]
      },
      "properties": {}
    },
    {
      "type": "Feature",
      "geometry": {
        "type": "Polygon",
        "coordinates": [
          [
            [
              115.352722,
              -8.738555
            ],
            [
              115.354177,
              -8.777416
            ],
            [
              115.146464,
              -8.738555
            ]
          ]
        ]
      },
      "properties": {}
    },
    {
      "type": "Feature",
      "geometry": {
        "type": "Polygon",
        "coordinates": [
          [
            [
              121.516998,
              0.690971
            ],
            [
              121.87974,
              0.959467
            ],
            [
              122.449978,
              4.084916
            ],
            [
              121.518622,
              5.138195
            ],
            [
              121.104272,
              4.6135
            ],
            [
              120.89889,
              4.070759
            ],
            [
              121.100154,
              1.258215
            ],
            [
              121.169443,
              0.860588
            ]
          ]
        ]
      },
      "properties": {}
    },
    {
      "type": "Feature",
      "geometry": {
        "type": "Polygon",
        "coordinates": [
          [
            [
              119.808944,
              -5.242904
            ],
            [
              119.810711,
              -5.243761
            ],
            [
              120.264273,
              -5.141058
            ],
            [
              120.043048,
              -4.750445
            ],
            [
              119.811352,
              -5.061024
            ],
            [
              119.804868,
              -5.136765
            ]
          ]
        ]
      },
      "properties": {}
    },
    {
      "type": "Feature",
      "geometry": {
        "type": "Polygon",
        "coordinates": [
          [
            [
              107.773697,
              -7.517943
            ],
            [
              107.437657,
              -7.661181
            ],
            [
              107.599002,
              -7.37885
            ]
          ]
        ]
      },
      "properties": {}
    },
    {
      "type": "Feature",
      "geometry": {
        "type": "Polygon",
        "coordinates": [
          [
            [
              112.041771,
              -7.405203
            ],
            [
              111.965259,
              -7.549056
            ],
            [
              111.70244,
              -7.521421
            ],
            [
              111.651039,
              -7.477109
            ],
            [
              111.618431,
              -7.203682
            ],
            [
              111.76379,
              -7.166991
            ]
          ]
        ]
      },
      "properties": {}
    },
    {
      "type": "Feature",
      "geometry": {
        "type": "Polygon",
        "coordinates": [
          [
            [
              114.911879,
              -3.001433
            ],
            [
              115.579864,
              -4.001537
            ],
            [
              115.711011,
              -5.075136
            ],
            [
              114.396491,
              -5.247338
            ],
            [
              114.346094,
              -5.201298
            ]
          ]
        ]
      },
      "properties": {}
    },
    {
      "type": "Feature",
      "geometry": {
        "type": "Polygon",
        "coordinates": [
          [
            [
              123.171377,
              -1.308976
            ],
            [
              122.862499,
              -1.69784
            ],
            [
              122.789367,
              -2.18353
            ],
            [
              122.97849,
              -2.543628
            ],
            [
              123.544746,
              -2.984692
            ],
            [
              124.133026,
              -1.142325
            ]
          ]
        ]
      },
      "properties": {}
    },
    {
      "type": "Feature",
      "geometry": {
        "type": "Polygon",
        "coordinates": [
          [
            [
              122.351028,
              -5.10849
            ],
            [
              121.515884,
              -5.709449
            ],
            [
              121.518917,
              -5.782
            ],
            [
              121.724639,
              -6.43562
            ],
            [
              122.162283,
              -6.978377
            ],
            [
              123.365959,
              -6.791786
            ],
            [
              123.031621,
              -5.312373
            ]
          ]
        ]
      },
      "properties": {}
    },
    {
      "type": "Feature",
      "geometry": {
        "type": "Polygon",
        "coordinates": [
          [
            [
              100.932525,
              -0.133622
            ],
            [
              100.965625,
              -0.263376
            ],
            [
              101.202999,
              -0.530504
            ],
            [
              101.852812,
              -0.274434
            ],
            [
              101.865647,
              -0.077667
            ],
            [
              101.741088,
              0.075001
            ],
            [
              101.485578,
              0.10238
            ],
            [
              101.27052,
              0.05616
            ],
            [
              100.941529,
              -0.118981
            ]
          ]
        ]
      },
      "properties": {}
    },
    {
      "type": "Feature",
      "geometry": {
        "type": "Polygon",
        "coordinates": [
          [
            [
              104.363164,
              -5.374344
            ],
            [
              104.364674,
              -5.376607
            ],
            [
              104.365674,
              -5.828091
            ],
            [
              103.067265,
              -7.586925
            ],
            [
              103.168244,
              -6.434308
            ],
            [
              104.191799,
              -5.350392
            ]
          ]
        ]
      },
      "properties": {}
    },
    {
      "type": "Feature",
      "geometry": {
        "type": "Polygon",
        "coordinates": [
          [
            [
              111.216764,
              -6.714272
            ],
            [
              111.267619,
              -6.631994
            ],
            [
              111.30589,
              -6.600849
            ],
            [
              111.499185,
              -7.170061
            ],
            [
              111.398262,
              -7.183396
            ],
            [
              111.365541,
              -7.146283
            ]
          ]
        ]
      },
      "properties": {}
    },
    {
      "type": "Feature",
      "geometry": {
        "type": "Polygon",
        "coordinates": [
          [
            [
              123.111855,
              -1.078988
            ],
            [
              122.492563,
              -0.939137
            ],
            [
              122.640654,
              -0.16628
            ],
            [
              122.992761,
              -0.23473
            ]
          ]
        ]
      },
      "properties": {}
    },
    {
      "type": "Feature",
      "geometry": {
        "type": "Polygon",
        "coordinates": [
          [
            [
              115.349705,
              -8.650427
            ],
            [
              115.369915,
              -8.619346
            ],
            [
              115.348345,
              -8.425871
            ],
            [
              115.100957,
              -8.377239
            ],
            [
              115.100003,
              -8.381459
            ],
            [
              115.198775,
              -8.629657
            ]
          ]
        ]
      },
      "properties": {}
    },
    {
      "type": "Feature",
      "geometry": {
        "type": "Polygon",
        "coordinates": [
          [
            [
              119.678675,
              -1.093038
            ],
            [
              119.541595,
              -1.08169
            ],
            [
              118.641307,
              -0.364938
            ],
            [
              119.159575,
              -0.434068
            ],
            [
              119.388563,
              -0.544175
            ],
            [
              119.721281,
              -0.818059
            ],
            [
              119.686177,
              -1.086242
            ]
          ]
        ]
      },
      "properties": {}
    },
    {
      "type": "Feature",
      "geometry": {
        "type": "Polygon",
        "coordinates": [
          [
            [
              130.945162,
              -5.987286
            ],
            [
              129.964522,
              -6.509302
            ],
            [
              128.869887,
              -6.95061
            ],
            [
              127.693002,
              -5.74568
            ],
            [
              128.594422,
              -4.615995
            ],
            [
              129.773584,
              -3.63757
            ],
            [
              130.044608,
              -3.750588
            ],
            [
              131.273566,
              -5.197434
            ]
          ]
        ]
      },
      "properties": {}
    },
    {
      "type": "Feature",
      "geometry": {
        "type": "Polygon",
        "coordinates": [
          [
            [
              125.641775,
              1.425941
            ],
            [
              125.668169,
              1.638509
            ],
            [
              126.559445,
              2.487177
            ],
            [
              126.70983,
              2.589114
            ],
            [
              126.825962,
              2.268199
            ],
            [
              126.96187,
              1.396696
            ],
            [
              126.901016,
              1.113725
            ],
            [
              126.548002,
              0.468671
            ],
            [
              125.908124,
              -0.241256
            ],
            [
              125.659632,
              0.482849
            ]
          ]
        ]
      },
      "properties": {}
    },
    {
      "type": "Feature",
      "geometry": {
        "type": "Polygon",
        "coordinates": [
          [
            [
              102.439779,
              -3.723445
            ],
            [
              102.474907,
              -3.76679
            ],
            [
              102.355519,
              -3.974139
            ],
            [
              102.318248,
              -3.839099
            ]
          ]
        ]
      },
      "properties": {}
    },
    {
      "type": "Feature",
      "geometry": {
        "type": "Polygon",
        "coordinates": [
          [
            [
              102.779336,
              -3.545245
            ],
            [
              102.66702,
              -3.548626
            ],
            [
              102.529541,
              -3.650715
            ],
            [
              102.722561,
              -3.650715
            ]
          ]
        ]
      },
      "properties": {}
    },
    {
      "type": "Feature",
      "geometry": {
        "type": "Polygon",
        "coordinates": [
          [
            [
              102.100006,
              -4.440834
            ],
            [
              101.940739,
              -4.600581
            ],
            [
              101.126386,
              -4.581418
            ],
            [
              101.621563,
              -4.076763
            ],
            [
              102.040403,
              -3.911929
            ],
            [
              102.318248,
              -3.839099
            ],
            [
              102.355519,
              -3.974139
            ],
            [
              102.229669,
              -4.26239
            ]
          ]
        ]
      },
      "properties": {}
    },
    {
      "type": "Feature",
      "geometry": {
        "type": "Polygon",
        "coordinates": [
          [
            [
              96.721883,
              4.756034
            ],
            [
              97.023235,
              4.955492
            ],
            [
              97.040334,
              4.952752
            ],
            [
              97.355342,
              4.565897
            ],
            [
              97.276139,
              4.472192
            ],
            [
              96.764881,
              4.703452
            ]
          ]
        ]
      },
      "properties": {}
    },
    {
      "type": "Feature",
      "geometry": {
        "type": "Polygon",
        "coordinates": [
          [
            [
              96.226752,
              4.303562
            ],
            [
              96.190883,
              3.47087
            ],
            [
              96.192095,
              3.470503
            ],
            [
              96.627441,
              4.02925
            ]
          ]
        ]
      },
      "properties": {}
    },
    {
      "type": "Feature",
      "geometry": {
        "type": "Polygon",
        "coordinates": [
          [
            [
              97.381678,
              3.592449
            ],
            [
              97.230868,
              3.58177
            ],
            [
              97.021173,
              3.980178
            ],
            [
              96.955849,
              4.129188
            ],
            [
              97.253285,
              4.445833
            ],
            [
              97.264543,
              4.45464
            ],
            [
              97.572809,
              3.781835
            ]
          ]
        ]
      },
      "properties": {}
    },
    {
      "type": "Feature",
      "geometry": {
        "type": "Polygon",
        "coordinates": [
          [
            [
              123.111855,
              -1.078988
            ],
            [
              122.992761,
              -0.23473
            ],
            [
              123.476646,
              -0.126679
            ],
            [
              124.601515,
              -0.703922
            ],
            [
              124.133026,
              -1.142325
            ],
            [
              123.171377,
              -1.308976
            ]
          ]
        ]
      },
      "properties": {}
    },
    {
      "type": "Feature",
      "geometry": {
        "type": "Polygon",
        "coordinates": [
          [
            [
              120.241698,
              0.127433
            ],
            [
              119.692643,
              0.152978
            ],
            [
              119.857079,
              -0.279986
            ],
            [
              120.105478,
              -0.342016
            ],
            [
              120.565515,
              -0.196624
            ]
          ]
        ]
      },
      "properties": {}
    },
    {
      "type": "Feature",
      "geometry": {
        "type": "Polygon",
        "coordinates": [
          [
            [
              118.140807,
              -1.600224
            ],
            [
              117.416435,
              -2.592781
            ],
            [
              117.382579,
              -2.580524
            ],
            [
              116.348792,
              -1.303185
            ],
            [
              116.432052,
              -1.191963
            ],
            [
              117.872277,
              -1.151592
            ],
            [
              118.129647,
              -1.247644
            ]
          ]
        ]
      },
      "properties": {}
    },
    {
      "type": "Feature",
      "geometry": {
        "type": "Polygon",
        "coordinates": [
          [
            [
              114.706127,
              -2.615685
            ],
            [
              113.065045,
              -3.68457
            ],
            [
              112.985164,
              -4.020025
            ],
            [
              114.346094,
              -5.201298
            ],
            [
              114.911879,
              -3.001433
            ]
          ]
        ]
      },
      "properties": {}
    },
    {
      "type": "Feature",
      "geometry": {
        "type": "Polygon",
        "coordinates": [
          [
            [
              100.20896,
              -0.130606
            ],
            [
              100.460365,
              -0.009384
            ],
            [
              100.644363,
              -0.144109
            ],
            [
              100.527242,
              -0.275816
            ],
            [
              100.309618,
              -0.342984
            ],
            [
              100.246757,
              -0.357509
            ],
            [
              100.152472,
              -0.172955
            ]
          ]
        ]
      },
      "properties": {}
    },
    {
      "type": "Feature",
      "geometry": {
        "type": "Polygon",
        "coordinates": [
          [
            [
              117.872277,
              -1.151592
            ],
            [
              116.432052,
              -1.191963
            ],
            [
              116.735031,
              -0.628682
            ]
          ]
        ]
      },
      "properties": {}
    },
    {
      "type": "Feature",
      "geometry": {
        "type": "Polygon",
        "coordinates": [
          [
            [
              108.646572,
              -7.093975
            ],
            [
              108.465151,
              -7.261519
            ],
            [
              108.435182,
              -7.404188
            ],
            [
              108.570884,
              -7.529651
            ],
            [
              108.635091,
              -7.506287
            ],
            [
              108.726009,
              -7.275439
            ],
            [
              108.713067,
              -7.103825
            ]
          ]
        ]
      },
      "properties": {}
    },
    {
      "type": "Feature",
      "geometry": {
        "type": "Polygon",
        "coordinates": [
          [
            [
              100.897696,
              0.859761
            ],
            [
              100.901094,
              0.864344
            ],
            [
              101.27052,
              0.05616
            ],
            [
              100.941529,
              -0.118981
            ],
            [
              100.777368,
              0.388888
            ],
            [
              100.756028,
              0.505257
            ]
          ]
        ]
      },
      "properties": {}
    },
    {
      "type": "Feature",
      "geometry": {
        "type": "Polygon",
        "coordinates": [
          [
            [
              119.810711,
              -5.243761
            ],
            [
              120.123864,
              -5.655261
            ],
            [
              120.464832,
              -5.219801
            ],
            [
              120.264273,
              -5.141058
            ]
          ]
        ]
      },
      "properties": {}
    },
    {
      "type": "Feature",
      "geometry": {
        "type": "Polygon",
        "coordinates": [
          [
            [
              119.692643,
              0.152978
            ],
            [
              118.855718,
              0.536718
            ],
            [
              118.687983,
              0.339159
            ],
            [
              118.483212,
              -0.313891
            ],
            [
              118.641307,
              -0.364938
            ],
            [
              119.159575,
              -0.434068
            ],
            [
              119.857079,
              -0.279986
            ]
          ]
        ]
      },
      "properties": {}
    },
    {
      "type": "Feature",
      "geometry": {
        "type": "Polygon",
        "coordinates": [
          [
            [
              106.310928,
              -7.058121
            ],
            [
              106.256391,
              -6.862096
            ],
            [
              106.249362,
              -6.857671
            ],
            [
              106.043445,
              -7.280628
            ],
            [
              106.213833,
              -7.197412
            ],
            [
              106.312311,
              -7.109229
            ]
          ]
        ]
      },
      "properties": {}
    },
    {
      "type": "Feature",
      "geometry": {
        "type": "Polygon",
        "coordinates": [
          [
            [
              105.311386,
              -5.58547
            ],
            [
              105.261809,
              -5.233504
            ],
            [
              104.99066,
              -5.149183
            ],
            [
              104.908535,
              -5.207162
            ],
            [
              104.905757,
              -5.242214
            ],
            [
              104.910475,
              -5.26576
            ],
            [
              105.042784,
              -5.513546
            ]
          ]
        ]
      },
      "properties": {}
    },
    {
      "type": "Feature",
      "geometry": {
        "type": "Polygon",
        "coordinates": [
          [
            [
              102.724102,
              -3.314922
            ],
            [
              103.346867,
              -2.832787
            ],
            [
              102.522958,
              -2.904507
            ],
            [
              102.523574,
              -3.173102
            ]
          ]
        ]
      },
      "properties": {}
    },
    {
      "type": "Feature",
      "geometry": {
        "type": "Polygon",
        "coordinates": [
          [
            [
              96.932061,
              3.296699
            ],
            [
              96.614248,
              3.064495
            ],
            [
              96.598791,
              3.070603
            ],
            [
              96.425327,
              3.247487
            ],
            [
              97.021173,
              3.980178
            ],
            [
              97.230868,
              3.58177
            ]
          ]
        ]
      },
      "properties": {}
    },
    {
      "type": "Feature",
      "geometry": {
        "type": "Polygon",
        "coordinates": [
          [
            [
              96.446122,
              4.770944
            ],
            [
              96.427643,
              4.960437
            ],
            [
              96.486183,
              5.051079
            ],
            [
              96.95879,
              4.995421
            ],
            [
              97.023235,
              4.955492
            ],
            [
              96.721883,
              4.756034
            ]
          ]
        ]
      },
      "properties": {}
    },
    {
      "type": "Feature",
      "geometry": {
        "type": "Polygon",
        "coordinates": [
          [
            [
              111.144908,
              -6.779067
            ],
            [
              110.749884,
              -6.716165
            ],
            [
              110.814824,
              -6.515299
            ],
            [
              111.267619,
              -6.631994
            ],
            [
              111.216764,
              -6.714272
            ]
          ]
        ]
      },
      "properties": {}
    },
    {
      "type": "Feature",
      "geometry": {
        "type": "Polygon",
        "coordinates": [
          [
            [
              114.476158,
              -8.32532
            ],
            [
              114.446402,
              -8.627822
            ],
            [
              114.086108,
              -8.208503
            ],
            [
              114.475774,
              -8.291647
            ]
          ]
        ]
      },
      "properties": {}
    },
    {
      "type": "Feature",
      "geometry": {
        "type": "Polygon",
        "coordinates": [
          [
            [
              118.501067,
              -8.601476
            ],
            [
              118.817936,
              -8.759078
            ],
            [
              118.868438,
              -8.486028
            ],
            [
              118.753357,
              -8.393043
            ]
          ]
        ]
      },
      "properties": {}
    },
    {
      "type": "Feature",
      "geometry": {
        "type": "Polygon",
        "coordinates": [
          [
            [
              137.325692,
              -1.305163
            ],
            [
              136.237949,
              -1.52074
            ],
            [
              135.299968,
              -1.460678
            ],
            [
              138.140031,
              0.830195
            ],
            [
              137.677815,
              -0.694327
            ]
          ]
        ]
      },
      "properties": {}
    },
    {
      "type": "Feature",
      "geometry": {
        "type": "Polygon",
        "coordinates": [
          [
            [
              102.247603,
              -2.405417
            ],
            [
              101.890334,
              -1.933986
            ],
            [
              103.422257,
              -1.301766
            ],
            [
              103.484734,
              -1.327369
            ],
            [
              103.494845,
              -1.341786
            ]
          ]
        ]
      },
      "properties": {}
    },
    {
      "type": "Feature",
      "geometry": {
        "type": "Polygon",
        "coordinates": [
          [
            [
              120.01168,
              -4.331931
            ],
            [
              119.960607,
              -4.631005
            ],
            [
              120.051069,
              -4.705694
            ],
            [
              120.855172,
              -4.428878
            ],
            [
              120.765983,
              -4.243862
            ],
            [
              120.438338,
              -4.111744
            ]
          ]
        ]
      },
      "properties": {}
    },
    {
      "type": "Feature",
      "geometry": {
        "type": "Polygon",
        "coordinates": [
          [
            [
              120.732479,
              -8.67995
            ],
            [
              120.551928,
              -9.162706
            ],
            [
              120.765529,
              -9.327312
            ],
            [
              121.195816,
              -9.44993
            ],
            [
              121.064008,
              -7.8692
            ],
            [
              121.039531,
              -7.874257
            ]
          ]
        ]
      },
      "properties": {}
    },
    {
      "type": "Feature",
      "geometry": {
        "type": "Polygon",
        "coordinates": [
          [
            [
              110.665124,
              -7.394153
            ],
            [
              110.704823,
              -7.677722
            ],
            [
              110.720649,
              -7.688722
            ],
            [
              110.774382,
              -7.618851
            ],
            [
              110.764481,
              -7.393335
            ],
            [
              110.678385,
              -7.383582
            ]
          ]
        ]
      },
      "properties": {}
    },
    {
      "type": "Feature",
      "geometry": {
        "type": "Polygon",
        "coordinates": [
          [
            [
              103.888387,
              -4.974745
            ],
            [
              103.77967,
              -4.647329
            ],
            [
              103.841186,
              -4.563937
            ],
            [
              104.27304,
              -4.745627
            ],
            [
              104.178792,
              -4.905033
            ]
          ]
        ]
      },
      "properties": {}
    },
    {
      "type": "Feature",
      "geometry": {
        "type": "Polygon",
        "coordinates": [
          [
            [
              113.045235,
              -6.711757
            ],
            [
              113.001976,
              -6.47002
            ],
            [
              113.002482,
              -6.455804
            ],
            [
              113.977341,
              -5.716314
            ],
            [
              113.69194,
              -7.052262
            ],
            [
              113.358862,
              -7.058577
            ]
          ]
        ]
      },
      "properties": {}
    },
    {
      "type": "Feature",
      "geometry": {
        "type": "Polygon",
        "coordinates": [
          [
            [
              100.616227,
              -1.01094
            ],
            [
              100.372235,
              -1.122239
            ],
            [
              100.221532,
              -1.245866
            ],
            [
              100.481474,
              -1.264009
            ],
            [
              100.605772,
              -1.267347
            ],
            [
              100.775683,
              -1.270764
            ],
            [
              100.70365,
              -1.048725
            ],
            [
              100.635617,
              -1.014323
            ]
          ]
        ]
      },
      "properties": {}
    },
    {
      "type": "Feature",
      "geometry": {
        "type": "Polygon",
        "coordinates": [
          [
            [
              100.165891,
              0.29222
            ],
            [
              100.254202,
              0.304645
            ],
            [
              100.420939,
              0.071456
            ],
            [
              100.460365,
              -0.009384
            ],
            [
              100.20896,
              -0.130606
            ]
          ]
        ]
      },
      "properties": {}
    },
    {
      "type": "Feature",
      "geometry": {
        "type": "Polygon",
        "coordinates": [
          [
            [
              101.129535,
              0.936004
            ],
            [
              101.826606,
              0.522998
            ],
            [
              101.741088,
              0.075001
            ],
            [
              101.485578,
              0.10238
            ]
          ]
        ]
      },
      "properties": {}
    },
    {
      "type": "Feature",
      "geometry": {
        "type": "Polygon",
        "coordinates": [
          [
            [
              95.318421,
              5.68471
            ],
            [
              94.524845,
              4.926482
            ],
            [
              95.206271,
              5.132476
            ],
            [
              95.372346,
              5.435445
            ]
          ]
        ]
      },
      "properties": {}
    },
    {
      "type": "Feature",
      "geometry": {
        "type": "Polygon",
        "coordinates": [
          [
            [
              112.722219,
              -7.23515
            ],
            [
              112.731019,
              -7.196677
            ],
            [
              112.519968,
              -7.099166
            ],
            [
              112.487153,
              -7.114582
            ],
            [
              112.487015,
              -7.235515
            ],
            [
              112.611915,
              -7.352383
            ]
          ]
        ]
      },
      "properties": {}
    },
    {
      "type": "Feature",
      "geometry": {
        "type": "Polygon",
        "coordinates": [
          [
            [
              106.065317,
              -6.435966
            ],
            [
              105.957935,
              -6.431216
            ],
            [
              105.911073,
              -6.474704
            ],
            [
              105.902917,
              -6.503812
            ],
            [
              105.923293,
              -6.633601
            ],
            [
              105.94886,
              -6.652744
            ],
            [
              106.026068,
              -6.615805
            ]
          ]
        ]
      },
      "properties": {}
    },
    {
      "type": "Feature",
      "geometry": {
        "type": "Polygon",
        "coordinates": [
          [
            [
              131.312479,
              -2.383161
            ],
            [
              131.382162,
              -3.038399
            ],
            [
              130.044608,
              -3.750588
            ],
            [
              129.773584,
              -3.63757
            ],
            [
              129.640784,
              -2.766043
            ],
            [
              129.6789,
              -2.489496
            ]
          ]
        ]
      },
      "properties": {}
    },
    {
      "type": "Feature",
      "geometry": {
        "type": "Polygon",
        "coordinates": [
          [
            [
              120.119394,
              -5.885906
            ],
            [
              121.518917,
              -5.782
            ],
            [
              121.724639,
              -6.43562
            ],
            [
              119.376649,
              -6.768414
            ]
          ]
        ]
      },
      "properties": {}
    },
    {
      "type": "Feature",
      "geometry": {
        "type": "Polygon",
        "coordinates": [
          [
            [
              121.644125,
              -2.495848
            ],
            [
              121.702065,
              -2.671198
            ],
            [
              122.020234,
              -2.906675
            ],
            [
              122.97849,
              -2.543628
            ],
            [
              122.789367,
              -2.18353
            ],
            [
              122.101383,
              -1.965949
            ]
          ]
        ]
      },
      "properties": {}
    },
    {
      "type": "Feature",
      "geometry": {
        "type": "Polygon",
        "coordinates": [
          [
            [
              109.333833,
              -7.119231
            ],
            [
              108.937918,
              -7.077478
            ],
            [
              109.10437,
              -7.362629
            ]
          ]
        ]
      },
      "properties": {}
    },
    {
      "type": "Feature",
      "geometry": {
        "type": "Polygon",
        "coordinates": [
          [
            [
              110.108134,
              -7.417089
            ],
            [
              110.323441,
              -7.375964
            ],
            [
              110.325365,
              -7.23133
            ],
            [
              110.028707,
              -7.226787
            ]
          ]
        ]
      },
      "properties": {}
    },
    {
      "type": "Feature",
      "geometry": {
        "type": "Polygon",
        "coordinates": [
          [
            [
              122.383588,
              -4.937476
            ],
            [
              122.401708,
              -4.697677
            ],
            [
              122.179801,
              -4.551252
            ],
            [
              121.4504,
              -5.576834
            ],
            [
              121.515884,
              -5.709449
            ],
            [
              122.351028,
              -5.10849
            ]
          ]
        ]
      },
      "properties": {}
    },
    {
      "type": "Feature",
      "geometry": {
        "type": "Polygon",
        "coordinates": [
          [
            [
              140.277996,
              -1.746143
            ],
            [
              139.810213,
              -2.757096
            ],
            [
              138.900789,
              -3.049636
            ],
            [
              138.86825,
              -3.035353
            ],
            [
              140.613097,
              0.549772
            ],
            [
              140.327961,
              -1.538369
            ]
          ]
        ]
      },
      "properties": {}
    },
    {
      "type": "Feature",
      "geometry": {
        "type": "Polygon",
        "coordinates": [
          [
            [
              102.437226,
              -3.719007
            ],
            [
              102.439779,
              -3.723445
            ],
            [
              102.318248,
              -3.839099
            ],
            [
              102.040403,
              -3.911929
            ],
            [
              102.434608,
              -3.716177
            ]
          ]
        ]
      },
      "properties": {}
    },
    {
      "type": "Feature",
      "geometry": {
        "type": "Polygon",
        "coordinates": [
          [
            [
              121.956737,
              -1.170273
            ],
            [
              122.427468,
              -1.136023
            ],
            [
              122.492563,
              -0.939137
            ],
            [
              122.640654,
              -0.16628
            ],
            [
              122.629604,
              -0.159282
            ],
            [
              121.913572,
              -0.738618
            ]
          ]
        ]
      },
      "properties": {}
    },
    {
      "type": "Feature",
      "geometry": {
        "type": "Polygon",
        "coordinates": [
          [
            [
              109.388138,
              -7.514347
            ],
            [
              109.769692,
              -7.726729
            ],
            [
              109.741153,
              -7.921611
            ],
            [
              109.038283,
              -10.820292
            ],
            [
              109.023557,
              -10.280955
            ],
            [
              109.202828,
              -8.154504
            ],
            [
              109.365031,
              -7.524085
            ]
          ]
        ]
      },
      "properties": {}
    },
    {
      "type": "Feature",
      "geometry": {
        "type": "Polygon",
        "coordinates": [
          [
            [
              118.855718,
              0.536718
            ],
            [
              118.687983,
              0.339159
            ],
            [
              117.772459,
              0.931911
            ],
            [
              118.1086,
              1.852136
            ],
            [
              119.231428,
              1.289196
            ]
          ]
        ]
      },
      "properties": {}
    },
    {
      "type": "Feature",
      "geometry": {
        "type": "Polygon",
        "coordinates": [
          [
            [
              121.042158,
              -2.203974
            ],
            [
              120.947824,
              -2.124752
            ],
            [
              120.917072,
              -2.093448
            ],
            [
              121.108628,
              -1.577779
            ],
            [
              121.693531,
              -1.541616
            ],
            [
              121.794924,
              -1.71607
            ],
            [
              121.292275,
              -2.321188
            ],
            [
              121.291052,
              -2.321322
            ]
          ]
        ]
      },
      "properties": {}
    },
    {
      "type": "Feature",
      "geometry": {
        "type": "Polygon",
        "coordinates": [
          [
            [
              96.520409,
              5.252478
            ],
            [
              96.604567,
              5.662046
            ],
            [
              96.630047,
              6.789352
            ],
            [
              96.267307,
              6.2701
            ],
            [
              95.941756,
              5.53387
            ],
            [
              95.916702,
              5.233786
            ],
            [
              95.94204,
              5.215969
            ]
          ]
        ]
      },
      "properties": {}
    },
    {
      "type": "Feature",
      "geometry": {
        "type": "Polygon",
        "coordinates": [
          [
            [
              98.3398,
              3.415145
            ],
            [
              98.596045,
              3.586665
            ],
            [
              98.607207,
              3.623881
            ],
            [
              98.595085,
              3.70485
            ],
            [
              98.273492,
              4.045764
            ],
            [
              98.102673,
              3.940437
            ],
            [
              98.146209,
              3.470885
            ],
            [
              98.293579,
              3.412105
            ]
          ]
        ]
      },
      "properties": {}
    },
    {
      "type": "Feature",
      "geometry": {
        "type": "Polygon",
        "coordinates": [
          [
            [
              113.977341,
              -5.716314
            ],
            [
              114.379809,
              -5.290859
            ],
            [
              114.396491,
              -5.247338
            ],
            [
              114.346094,
              -5.201298
            ],
            [
              112.985164,
              -4.020025
            ],
            [
              111.535112,
              -4.475358
            ],
            [
              111.541993,
              -5.350243
            ],
            [
              111.720652,
              -5.88847
            ],
            [
              112.245779,
              -6.328425
            ],
            [
              113.002482,
              -6.455804
            ]
          ]
        ]
      },
      "properties": {}
    },
    {
      "type": "Feature",
      "geometry": {
        "type": "Polygon",
        "coordinates": [
          [
            [
              114.500485,
              -7.945313
            ],
            [
              114.52888,
              -8.146052
            ],
            [
              114.475774,
              -8.291647
            ],
            [
              114.086108,
              -8.208503
            ],
            [
              114.037895,
              -8.170032
            ],
            [
              114.038426,
              -8.164287
            ],
            [
              114.089578,
              -8.064959
            ]
          ]
        ]
      },
      "properties": {}
    },
    {
      "type": "Feature",
      "geometry": {
        "type": "Polygon",
        "coordinates": [
          [
            [
              110.422818,
              -7.893558
            ],
            [
              110.348104,
              -7.845003
            ],
            [
              110.243541,
              -7.879278
            ],
            [
              110.212357,
              -7.972029
            ],
            [
              110.422786,
              -7.894037
            ]
          ]
        ]
      },
      "properties": {}
    },
    {
      "type": "Feature",
      "geometry": {
        "type": "Polygon",
        "coordinates": [
          [
            [
              116.801054,
              -8.239396
            ],
            [
              116.325048,
              -8.437405
            ],
            [
              115.926792,
              -7.772587
            ],
            [
              115.949293,
              -7.463094
            ],
            [
              117.01187,
              -6.582833
            ],
            [
              117.065097,
              -7.208558
            ]
          ]
        ]
      },
      "properties": {}
    },
    {
      "type": "Feature",
      "geometry": {
        "type": "Polygon",
        "coordinates": [
          [
            [
              95.861755,
              4.41253
            ],
            [
              95.457526,
              4.726994
            ],
            [
              92.8521,
              3.748752
            ],
            [
              92.884243,
              3.463589
            ],
            [
              95.230718,
              3.685744
            ]
          ]
        ]
      },
      "properties": {}
    },
    {
      "type": "Feature",
      "geometry": {
        "type": "Polygon",
        "coordinates": [
          [
            [
              106.807957,
              -6.670176
            ],
            [
              106.9022,
              -6.603533
            ],
            [
              107.007456,
              -6.651387
            ],
            [
              106.967636,
              -6.774895
            ],
            [
              106.841805,
              -6.765541
            ],
            [
              106.797797,
              -6.716108
            ]
          ]
        ]
      },
      "properties": {}
    },
    {
      "type": "Feature",
      "geometry": {
        "type": "Polygon",
        "coordinates": [
          [
            [
              107.269656,
              -7.02827
            ],
            [
              107.248366,
              -6.960939
            ],
            [
              107.37339,
              -6.824549
            ],
            [
              107.466186,
              -6.970656
            ],
            [
              107.373428,
              -7.041758
            ],
            [
              107.277572,
              -7.048201
            ]
          ]
        ]
      },
      "properties": {}
    },
    {
      "type": "Feature",
      "geometry": {
        "type": "Polygon",
        "coordinates": [
          [
            [
              108.395847,
              -6.558007
            ],
            [
              108.396578,
              -6.635411
            ],
            [
              108.526574,
              -6.822077
            ],
            [
              108.930621,
              -6.3512
            ],
            [
              108.944759,
              -6.29025
            ],
            [
              108.400911,
              -6.550661
            ]
          ]
        ]
      },
      "properties": {}
    },
    {
      "type": "Feature",
      "geometry": {
        "type": "Polygon",
        "coordinates": [
          [
            [
              107.360664,
              -6.802633
            ],
            [
              107.517918,
              -6.678649
            ],
            [
              107.513037,
              -6.66605
            ],
            [
              107.503657,
              -6.642433
            ],
            [
              107.334337,
              -6.644282
            ],
            [
              107.324658,
              -6.750046
            ]
          ]
        ]
      },
      "properties": {}
    },
    {
      "type": "Feature",
      "geometry": {
        "type": "Polygon",
        "coordinates": [
          [
            [
              108.273369,
              -7.421157
            ],
            [
              108.135519,
              -7.412032
            ],
            [
              108.006304,
              -7.553044
            ],
            [
              108.11769,
              -7.636153
            ],
            [
              108.298544,
              -7.642687
            ],
            [
              108.289233,
              -7.436509
            ]
          ]
        ]
      },
      "properties": {}
    },
    {
      "type": "Feature",
      "geometry": {
        "type": "Polygon",
        "coordinates": [
          [
            [
              107.269656,
              -7.02827
            ],
            [
              107.06286,
              -6.994626
            ],
            [
              107.078069,
              -7.05151
            ],
            [
              107.264668,
              -7.069903
            ],
            [
              107.277572,
              -7.048201
            ]
          ]
        ]
      },
      "properties": {}
    },
    {
      "type": "Feature",
      "geometry": {
        "type": "Polygon",
        "coordinates": [
          [
            [
              107.269656,
              -7.02827
            ],
            [
              107.248366,
              -6.960939
            ],
            [
              107.229364,
              -6.944662
            ],
            [
              107.225872,
              -6.94286
            ],
            [
              107.175082,
              -6.93554
            ],
            [
              107.055896,
              -6.977086
            ],
            [
              107.06286,
              -6.994626
            ]
          ]
        ]
      },
      "properties": {}
    },
    {
      "type": "Feature",
      "geometry": {
        "type": "Polygon",
        "coordinates": [
          [
            [
              105.73362,
              -5.908072
            ],
            [
              105.907961,
              -5.712264
            ],
            [
              105.995824,
              -6.043694
            ],
            [
              105.962549,
              -6.071315
            ]
          ]
        ]
      },
      "properties": {}
    },
    {
      "type": "Feature",
      "geometry": {
        "type": "Polygon",
        "coordinates": [
          [
            [
              95.318421,
              5.68471
            ],
            [
              95.372346,
              5.435445
            ],
            [
              95.492255,
              5.483854
            ],
            [
              95.405575,
              5.719721
            ],
            [
              95.324865,
              5.697169
            ]
          ]
        ]
      },
      "properties": {}
    },
    {
      "type": "Feature",
      "geometry": {
        "type": "Polygon",
        "coordinates": [
          [
            [
              95.372346,
              5.435445
            ],
            [
              95.206271,
              5.132476
            ],
            [
              95.360605,
              5.137774
            ],
            [
              95.602693,
              5.44162
            ],
            [
              95.492255,
              5.483854
            ]
          ]
        ]
      },
      "properties": {}
    },
    {
      "type": "Feature",
      "geometry": {
        "type": "Polygon",
        "coordinates": [
          [
            [
              105.616648,
              -6.447286
            ],
            [
              105.692516,
              -6.691321
            ],
            [
              105.772106,
              -6.687218
            ],
            [
              105.777178,
              -6.679329
            ],
            [
              105.752752,
              -6.565326
            ]
          ]
        ]
      },
      "properties": {}
    },
    {
      "type": "Feature",
      "geometry": {
        "type": "Polygon",
        "coordinates": [
          [
            [
              108.283781,
              -7.253801
            ],
            [
              108.273369,
              -7.421157
            ],
            [
              108.135519,
              -7.412032
            ],
            [
              108.085646,
              -7.264695
            ],
            [
              108.252957,
              -7.212974
            ]
          ]
        ]
      },
      "properties": {}
    },
    {
      "type": "Feature",
      "geometry": {
        "type": "Polygon",
        "coordinates": [
          [
            [
              108.395847,
              -6.558007
            ],
            [
              108.173024,
              -6.629909
            ],
            [
              108.095675,
              -6.615272
            ],
            [
              108.003943,
              -6.55052
            ],
            [
              108.092911,
              -6.243872
            ],
            [
              108.400911,
              -6.550661
            ]
          ]
        ]
      },
      "properties": {}
    },
    {
      "type": "Feature",
      "geometry": {
        "type": "Polygon",
        "coordinates": [
          [
            [
              107.087239,
              -5.889039
            ],
            [
              106.876652,
              -4.398524
            ],
            [
              106.901765,
              -4.343802
            ],
            [
              108.348256,
              -4.478093
            ],
            [
              108.075119,
              -5.405451
            ],
            [
              107.502829,
              -6.167615
            ],
            [
              107.381175,
              -6.233125
            ],
            [
              107.279833,
              -6.196197
            ],
            [
              107.168739,
              -6.05458
            ]
          ]
        ]
      },
      "properties": {}
    },
    {
      "type": "Feature",
      "geometry": {
        "type": "Polygon",
        "coordinates": [
          [
            [
              109.001549,
              -7.519631
            ],
            [
              109.045759,
              -7.509992
            ],
            [
              109.202828,
              -8.154504
            ],
            [
              109.023557,
              -10.280955
            ],
            [
              108.782761,
              -8.191567
            ],
            [
              108.835598,
              -7.658989
            ]
          ]
        ]
      },
      "properties": {}
    },
    {
      "type": "Feature",
      "geometry": {
        "type": "Polygon",
        "coordinates": [
          [
            [
              106.394043,
              -6.753891
            ],
            [
              106.271703,
              -6.716774
            ],
            [
              106.218563,
              -6.812682
            ],
            [
              106.249362,
              -6.857671
            ],
            [
              106.256391,
              -6.862096
            ],
            [
              106.284609,
              -6.866228
            ]
          ]
        ]
      },
      "properties": {}
    },
    {
      "type": "Feature",
      "geometry": {
        "type": "Polygon",
        "coordinates": [
          [
            [
              106.456106,
              -6.540168
            ],
            [
              106.423552,
              -6.625899
            ],
            [
              106.282045,
              -6.566402
            ],
            [
              106.291584,
              -6.547498
            ],
            [
              106.410505,
              -6.503537
            ]
          ]
        ]
      },
      "properties": {}
    },
    {
      "type": "Feature",
      "geometry": {
        "type": "Polygon",
        "coordinates": [
          [
            [
              106.119654,
              -6.682719
            ],
            [
              106.256919,
              -6.67886
            ],
            [
              106.271703,
              -6.716774
            ],
            [
              106.218563,
              -6.812682
            ],
            [
              106.113365,
              -6.83288
            ],
            [
              106.084587,
              -6.741155
            ]
          ]
        ]
      },
      "properties": {}
    },
    {
      "type": "Feature",
      "geometry": {
        "type": "Polygon",
        "coordinates": [
          [
            [
              108.496874,
              -7.631832
            ],
            [
              108.319966,
              -7.661546
            ],
            [
              108.076096,
              -10.881146
            ],
            [
              109.0,
              -10.947879
            ],
            [
              109.029428,
              -10.940537
            ],
            [
              109.038283,
              -10.820292
            ],
            [
              109.023557,
              -10.280955
            ],
            [
              108.782761,
              -8.191567
            ]
          ]
        ]
      },
      "properties": {}
    },
    {
      "type": "Feature",
      "geometry": {
        "type": "Polygon",
        "coordinates": [
          [
            [
              108.465151,
              -7.261519
            ],
            [
              108.435182,
              -7.404188
            ],
            [
              108.289233,
              -7.436509
            ],
            [
              108.273369,
              -7.421157
            ],
            [
              108.283781,
              -7.253801
            ]
          ]
        ]
      },
      "properties": {}
    },
    {
      "type": "Feature",
      "geometry": {
        "type": "Polygon",
        "coordinates": [
          [
            [
              107.278954,
              -7.275724
            ],
            [
              107.134652,
              -7.257426
            ],
            [
              107.121091,
              -7.38071
            ],
            [
              107.309789,
              -7.374102
            ],
            [
              107.317018,
              -7.334938
            ]
          ]
        ]
      },
      "properties": {}
    },
    {
      "type": "Feature",
      "geometry": {
        "type": "Polygon",
        "coordinates": [
          [
            [
              116.556394,
              -9.063828
            ],
            [
              116.400214,
              -8.845582
            ],
            [
              116.101333,
              -8.871776
            ],
            [
              115.420681,
              -11.405039
            ],
            [
              116.53416,
              -11.466926
            ],
            [
              116.607478,
              -10.524954
            ]
          ]
        ]
      },
      "properties": {}
    },
    {
      "type": "Feature",
      "geometry": {
        "type": "Polygon",
        "coordinates": [
          [
            [
              105.94886,
              -6.652744
            ],
            [
              105.923293,
              -6.633601
            ],
            [
              105.777178,
              -6.679329
            ],
            [
              105.772106,
              -6.687218
            ],
            [
              105.790569,
              -6.765991
            ],
            [
              105.879334,
              -6.773109
            ],
            [
              105.954381,
              -6.67079
            ]
          ]
        ]
      },
      "properties": {}
    },
    {
      "type": "Feature",
      "geometry": {
        "type": "Polygon",
        "coordinates": [
          [
            [
              108.092911,
              -6.243872
            ],
            [
              108.03793,
              -5.881061
            ],
            [
              107.729819,
              -6.421871
            ],
            [
              107.941737,
              -6.57423
            ],
            [
              108.003943,
              -6.55052
            ]
          ]
        ]
      },
      "properties": {}
    },
    {
      "type": "Feature",
      "geometry": {
        "type": "Polygon",
        "coordinates": [
          [
            [
              106.558703,
              -7.280769
            ],
            [
              106.534205,
              -7.35582
            ],
            [
              106.494392,
              -7.282092
            ]
          ]
        ]
      },
      "properties": {}
    },
    {
      "type": "Feature",
      "geometry": {
        "type": "Polygon",
        "coordinates": [
          [
            [
              108.095675,
              -6.615272
            ],
            [
              108.050627,
              -6.874119
            ],
            [
              107.90318,
              -6.879041
            ],
            [
              107.915882,
              -6.612189
            ],
            [
              107.941737,
              -6.57423
            ],
            [
              108.003943,
              -6.55052
            ]
          ]
        ]
      },
      "properties": {}
    },
    {
      "type": "Feature",
      "geometry": {
        "type": "Polygon",
        "coordinates": [
          [
            [
              106.920487,
              -7.002207
            ],
            [
              106.901822,
              -6.952505
            ],
            [
              106.801289,
              -6.908159
            ],
            [
              106.773991,
              -6.921754
            ],
            [
              106.775584,
              -7.003869
            ],
            [
              106.840933,
              -7.02329
            ],
            [
              106.876697,
              -7.030814
            ],
            [
              106.914582,
              -7.01574
            ]
          ]
        ]
      },
      "properties": {}
    },
    {
      "type": "Feature",
      "geometry": {
        "type": "Polygon",
        "coordinates": [
          [
            [
              107.317018,
              -7.334938
            ],
            [
              107.309789,
              -7.374102
            ],
            [
              107.378273,
              -7.711453
            ],
            [
              107.437657,
              -7.661181
            ],
            [
              107.599002,
              -7.37885
            ],
            [
              107.602548,
              -7.357946
            ],
            [
              107.387173,
              -7.294113
            ]
          ]
        ]
      },
      "properties": {}
    },
    {
      "type": "Feature",
      "geometry": {
        "type": "Polygon",
        "coordinates": [
          [
            [
              109.333833,
              -7.119231
            ],
            [
              109.365087,
              -7.110264
            ],
            [
              109.249362,
              -6.894121
            ],
            [
              108.903475,
              -7.050721
            ],
            [
              108.937918,
              -7.077478
            ]
          ]
        ]
      },
      "properties": {}
    },
    {
      "type": "Feature",
      "geometry": {
        "type": "Polygon",
        "coordinates": [
          [
            [
              107.373409,
              -6.823251
            ],
            [
              107.507002,
              -6.784975
            ],
            [
              107.536363,
              -6.719985
            ],
            [
              107.517918,
              -6.678649
            ],
            [
              107.360664,
              -6.802633
            ]
          ]
        ]
      },
      "properties": {}
    },
    {
      "type": "Feature",
      "geometry": {
        "type": "Polygon",
        "coordinates": [
          [
            [
              114.118844,
              -1.425104
            ],
            [
              114.10574,
              -1.323514
            ],
            [
              115.602207,
              -1.299158
            ],
            [
              115.47732,
              -2.28707
            ],
            [
              114.771146,
              -2.511789
            ]
          ]
        ]
      },
      "properties": {}
    },
    {
      "type": "Feature",
      "geometry": {
        "type": "Polygon",
        "coordinates": [
          [
            [
              118.501067,
              -8.601476
            ],
            [
              118.753357,
              -8.393043
            ],
            [
              118.474317,
              -7.722318
            ],
            [
              118.335738,
              -8.034616
            ],
            [
              118.491393,
              -8.600815
            ]
          ]
        ]
      },
      "properties": {}
    },
    {
      "type": "Feature",
      "geometry": {
        "type": "Polygon",
        "coordinates": [
          [
            [
              118.457875,
              -8.630829
            ],
            [
              118.491393,
              -8.600815
            ],
            [
              118.335738,
              -8.034616
            ],
            [
              117.936768,
              -8.474487
            ],
            [
              118.025664,
              -8.564374
            ]
          ]
        ]
      },
      "properties": {}
    },
    {
      "type": "Feature",
      "geometry": {
        "type": "Polygon",
        "coordinates": [
          [
            [
              110.55486,
              -6.993698
            ],
            [
              110.784371,
              -6.947614
            ],
            [
              110.709426,
              -6.752068
            ],
            [
              110.474205,
              -6.722271
            ],
            [
              110.539266,
              -6.974167
            ]
          ]
        ]
      },
      "properties": {}
    },
    {
      "type": "Feature",
      "geometry": {
        "type": "Polygon",
        "coordinates": [
          [
            [
              101.082765,
              1.145569
            ],
            [
              102.843815,
              1.581726
            ],
            [
              103.094501,
              1.7189
            ],
            [
              104.005294,
              5.445015
            ],
            [
              103.0,
              5.75146
            ],
            [
              102.499466,
              5.783898
            ],
            [
              101.18571,
              4.013001
            ],
            [
              100.783594,
              2.394692
            ]
          ]
        ]
      },
      "properties": {}
    },
    {
      "type": "Feature",
      "geometry": {
        "type": "Polygon",
        "coordinates": [
          [
            [
              115.352722,
              -8.738555
            ],
            [
              115.349705,
              -8.650427
            ],
            [
              115.198775,
              -8.629657
            ],
            [
              114.971245,
              -8.708857
            ],
            [
              115.146464,
              -8.738555
            ]
          ]
        ]
      },
      "properties": {}
    },
    {
      "type": "Feature",
      "geometry": {
        "type": "Polygon",
        "coordinates": [
          [
            [
              115.146464,
              -8.738555
            ],
            [
              114.971245,
              -8.708857
            ],
            [
              114.905027,
              -8.729809
            ],
            [
              114.555516,
              -9.012857
            ],
            [
              114.554152,
              -9.014725
            ],
            [
              113.949627,
              -11.231676
            ],
            [
              115.0,
              -11.467151
            ],
            [
              115.394081,
              -11.405376
            ],
            [
              115.459785,
              -10.333889
            ],
            [
              115.354177,
              -8.777416
            ]
          ]
        ]
      },
      "properties": {}
    },
    {
      "type": "Feature",
      "geometry": {
        "type": "Polygon",
        "coordinates": [
          [
            [
              119.721281,
              -0.818059
            ],
            [
              119.862422,
              -0.763946
            ],
            [
              119.773769,
              -0.586576
            ],
            [
              119.388563,
              -0.544175
            ]
          ]
        ]
      },
      "properties": {}
    },
    {
      "type": "Feature",
      "geometry": {
        "type": "Polygon",
        "coordinates": [
          [
            [
              106.913,
              -6.894352
            ],
            [
              106.842146,
              -6.778392
            ],
            [
              106.841805,
              -6.765541
            ],
            [
              106.967636,
              -6.774895
            ],
            [
              107.003284,
              -6.810714
            ]
          ]
        ]
      },
      "properties": {}
    },
    {
      "type": "Feature",
      "geometry": {
        "type": "Polygon",
        "coordinates": [
          [
            [
              106.811281,
              0.026415
            ],
            [
              106.727699,
              0.308783
            ],
            [
              104.025887,
              0.198671
            ],
            [
              103.484734,
              -1.327369
            ],
            [
              103.494845,
              -1.341786
            ],
            [
              103.815654,
              -1.67465
            ],
            [
              103.879521,
              -1.728747
            ],
            [
              104.975193,
              -1.674034
            ]
          ]
        ]
      },
      "properties": {}
    },
    {
      "type": "Feature",
      "geometry": {
        "type": "Polygon",
        "coordinates": [
          [
            [
              111.633299,
              -7.735005
            ],
            [
              111.70244,
              -7.521421
            ],
            [
              111.651039,
              -7.477109
            ],
            [
              111.429028,
              -7.526278
            ],
            [
              111.433267,
              -7.752774
            ],
            [
              111.609577,
              -7.779785
            ]
          ]
        ]
      },
      "properties": {}
    },
    {
      "type": "Feature",
      "geometry": {
        "type": "Polygon",
        "coordinates": [
          [
            [
              110.250797,
              -7.046337
            ],
            [
              110.097698,
              -7.033197
            ],
            [
              110.010956,
              -6.326607
            ],
            [
              110.162603,
              -6.359661
            ],
            [
              110.355535,
              -6.637547
            ],
            [
              110.317869,
              -6.891918
            ]
          ]
        ]
      },
      "properties": {}
    },
    {
      "type": "Feature",
      "geometry": {
        "type": "Polygon",
        "coordinates": [
          [
            [
              121.49258,
              -8.636935
            ],
            [
              121.521351,
              -9.633616
            ],
            [
              121.530699,
              -9.642002
            ],
            [
              122.150096,
              -9.586531
            ],
            [
              122.041825,
              -9.066529
            ],
            [
              121.989808,
              -8.850413
            ],
            [
              121.907593,
              -8.718281
            ]
          ]
        ]
      },
      "properties": {}
    },
    {
      "type": "Feature",
      "geometry": {
        "type": "Polygon",
        "coordinates": [
          [
            [
              140.157669,
              -6.536253
            ],
            [
              136.440125,
              -8.245124
            ],
            [
              136.065627,
              -9.680418
            ],
            [
              136.585713,
              -9.953605
            ],
            [
              140.063029,
              -7.807354
            ],
            [
              140.350837,
              -6.703785
            ]
          ]
        ]
      },
      "properties": {}
    },
    {
      "type": "Feature",
      "geometry": {
        "type": "Polygon",
        "coordinates": [
          [
            [
              102.90423,
              -5.053407
            ],
            [
              102.565213,
              -4.821407
            ],
            [
              101.940739,
              -4.600581
            ],
            [
              101.126386,
              -4.581418
            ],
            [
              100.617171,
              -4.699536
            ],
            [
              96.822544,
              -7.99519
            ],
            [
              97.0,
              -8.124003
            ],
            [
              99.0,
              -9.113203
            ],
            [
              101.0,
              -9.639836
            ],
            [
              102.288213,
              -9.681101
            ],
            [
              102.927626,
              -8.246686
            ],
            [
              103.067265,
              -7.586925
            ],
            [
              103.168244,
              -6.434308
            ],
            [
              103.156715,
              -5.851646
            ],
            [
              103.14415,
              -5.704619
            ],
            [
              103.00166,
              -5.181492
            ]
          ]
        ]
      },
      "properties": {}
    },
    {
      "type": "Feature",
      "geometry": {
        "type": "Polygon",
        "coordinates": [
          [
            [
              140.350837,
              -6.703785
            ],
            [
              140.063029,
              -7.807354
            ],
            [
              140.643547,
              -8.018886
            ],
            [
              142.925281,
              -7.490842
            ],
            [
              142.984844,
              -7.0
            ],
            [
              142.836431,
              -6.580277
            ]
          ]
        ]
      },
      "properties": {}
    },
    {
      "type": "Feature",
      "geometry": {
        "type": "Polygon",
        "coordinates": [
          [
            [
              137.544266,
              -3.458207
            ],
            [
              136.28156,
              -4.53
            ],
            [
              135.553716,
              -5.147594
            ],
            [
              135.322128,
              -4.876685
            ],
            [
              136.312634,
              -3.120015
            ],
            [
              137.210898,
              -3.117788
            ]
          ]
        ]
      },
      "properties": {}
    },
    {
      "type": "Feature",
      "geometry": {
        "type": "Polygon",
        "coordinates": [
          [
            [
              106.591658,
              -7.158547
            ],
            [
              106.564349,
              -7.278663
            ],
            [
              106.558703,
              -7.280769
            ],
            [
              106.494392,
              -7.282092
            ],
            [
              106.478553,
              -7.282254
            ],
            [
              106.451875,
              -7.262023
            ],
            [
              106.577558,
              -7.134576
            ]
          ]
        ]
      },
      "properties": {}
    },
    {
      "type": "Feature",
      "geometry": {
        "type": "Polygon",
        "coordinates": [
          [
            [
              118.025664,
              -8.564374
            ],
            [
              117.936768,
              -8.474487
            ],
            [
              117.912579,
              -8.477307
            ],
            [
              117.816461,
              -9.256409
            ],
            [
              117.926025,
              -9.986831
            ],
            [
              118.325184,
              -9.431875
            ],
            [
              118.301979,
              -9.195952
            ]
          ]
        ]
      },
      "properties": {}
    },
    {
      "type": "Feature",
      "geometry": {
        "type": "Polygon",
        "coordinates": [
          [
            [
              102.874229,
              -3.523668
            ],
            [
              103.650856,
              -3.072304
            ],
            [
              103.275911,
              -3.793819
            ],
            [
              103.042398,
              -3.878627
            ]
          ]
        ]
      },
      "properties": {}
    },
    {
      "type": "Feature",
      "geometry": {
        "type": "Polygon",
        "coordinates": [
          [
            [
              131.367394,
              -2.294299
            ],
            [
              132.665547,
              -2.137181
            ],
            [
              133.014784,
              -3.231735
            ],
            [
              132.457772,
              -4.31131
            ],
            [
              132.136676,
              -4.36376
            ],
            [
              131.382162,
              -3.038399
            ],
            [
              131.312479,
              -2.383161
            ]
          ]
        ]
      },
      "properties": {}
    },
    {
      "type": "Feature",
      "geometry": {
        "type": "Polygon",
        "coordinates": [
          [
            [
              132.556627,
              0.119796
            ],
            [
              132.240122,
              -1.272237
            ],
            [
              131.463402,
              -1.455344
            ],
            [
              131.962412,
              -0.181954
            ],
            [
              132.509532,
              0.328605
            ]
          ]
        ]
      },
      "properties": {}
    },
    {
      "type": "Feature",
      "geometry": {
        "type": "Polygon",
        "coordinates": [
          [
            [
              130.348306,
              0.035967
            ],
            [
              130.371457,
              -0.834263
            ],
            [
              128.877369,
              -0.72066
            ],
            [
              128.894709,
              -0.27418
            ],
            [
              129.952259,
              1.192361
            ]
          ]
        ]
      },
      "properties": {}
    },
    {
      "type": "Feature",
      "geometry": {
        "type": "Polygon",
        "coordinates": [
          [
            [
              110.097698,
              -7.033197
            ],
            [
              110.010956,
              -6.326607
            ],
            [
              109.928738,
              -6.290976
            ],
            [
              109.784077,
              -7.077648
            ],
            [
              109.834751,
              -7.166841
            ],
            [
              109.966578,
              -7.165931
            ]
          ]
        ]
      },
      "properties": {}
    },
    {
      "type": "Feature",
      "geometry": {
        "type": "Polygon",
        "coordinates": [
          [
            [
              106.57095,
              -6.654188
            ],
            [
              106.628836,
              -6.572436
            ],
            [
              106.690476,
              -6.561529
            ],
            [
              106.759074,
              -6.600822
            ],
            [
              106.807957,
              -6.670176
            ],
            [
              106.797797,
              -6.716108
            ],
            [
              106.731153,
              -6.742649
            ],
            [
              106.6918,
              -6.738705
            ],
            [
              106.569126,
              -6.661921
            ]
          ]
        ]
      },
      "properties": {}
    },
    {
      "type": "Feature",
      "geometry": {
        "type": "Polygon",
        "coordinates": [
          [
            [
              107.278954,
              -7.275724
            ],
            [
              107.134652,
              -7.257426
            ],
            [
              107.096472,
              -7.251827
            ],
            [
              107.05224,
              -7.160736
            ],
            [
              107.24797,
              -7.140911
            ]
          ]
        ]
      },
      "properties": {}
    },
    {
      "type": "Feature",
      "geometry": {
        "type": "Polygon",
        "coordinates": [
          [
            [
              114.860504,
              -7.476168
            ],
            [
              114.975242,
              -8.198248
            ],
            [
              114.805465,
              -8.329191
            ],
            [
              114.79841,
              -8.32532
            ],
            [
              114.52888,
              -8.146052
            ],
            [
              114.500485,
              -7.945313
            ]
          ]
        ]
      },
      "properties": {}
    },
    {
      "type": "Feature",
      "geometry": {
        "type": "Polygon",
        "coordinates": [
          [
            [
              112.870721,
              -8.298089
            ],
            [
              113.083234,
              -8.858276
            ],
            [
              113.193799,
              -11.236293
            ],
            [
              113.0,
              -11.283271
            ],
            [
              111.498593,
              -11.110026
            ],
            [
              111.746989,
              -9.418952
            ],
            [
              111.908974,
              -9.059192
            ],
            [
              112.432046,
              -8.368339
            ],
            [
              112.657864,
              -8.19857
            ]
          ]
        ]
      },
      "properties": {}
    },
    {
      "type": "Feature",
      "geometry": {
        "type": "Polygon",
        "coordinates": [
          [
            [
              140.347255,
              -2.76072
            ],
            [
              140.263886,
              -2.946374
            ],
            [
              139.810213,
              -2.757096
            ],
            [
              140.277996,
              -1.746143
            ]
          ]
        ]
      },
      "properties": {}
    },
    {
      "type": "Feature",
      "geometry": {
        "type": "Polygon",
        "coordinates": [
          [
            [
              96.383932,
              4.611147
            ],
            [
              96.15408,
              4.500786
            ],
            [
              95.94367,
              4.504522
            ],
            [
              95.899828,
              4.620401
            ],
            [
              96.24972,
              5.014455
            ],
            [
              96.427643,
              4.960437
            ],
            [
              96.446122,
              4.770944
            ]
          ]
        ]
      },
      "properties": {}
    },
    {
      "type": "Feature",
      "geometry": {
        "type": "Polygon",
        "coordinates": [
          [
            [
              110.967541,
              -7.051052
            ],
            [
              110.95808,
              -7.059972
            ],
            [
              110.964768,
              -7.151551
            ],
            [
              111.292183,
              -7.322546
            ],
            [
              111.398262,
              -7.183396
            ],
            [
              111.365541,
              -7.146283
            ]
          ]
        ]
      },
      "properties": {}
    },
    {
      "type": "Feature",
      "geometry": {
        "type": "Polygon",
        "coordinates": [
          [
            [
              123.49279,
              0.869092
            ],
            [
              123.409474,
              1.220299
            ],
            [
              122.932776,
              0.690755
            ],
            [
              122.928492,
              0.512896
            ]
          ]
        ]
      },
      "properties": {}
    },
    {
      "type": "Feature",
      "geometry": {
        "type": "Polygon",
        "coordinates": [
          [
            [
              128.40203,
              -0.001637
            ],
            [
              128.894709,
              -0.27418
            ],
            [
              128.877369,
              -0.72066
            ],
            [
              128.730429,
              -1.080772
            ],
            [
              127.993076,
              -0.904135
            ],
            [
              127.422148,
              -0.13601
            ],
            [
              127.617092,
              -0.011794
            ]
          ]
        ]
      },
      "properties": {}
    },
    {
      "type": "Feature",
      "geometry": {
        "type": "Polygon",
        "coordinates": [
          [
            [
              110.50916,
              -7.829898
            ],
            [
              110.587841,
              -7.907037
            ],
            [
              110.732864,
              -7.921383
            ],
            [
              110.758705,
              -7.899034
            ],
            [
              110.757881,
              -7.829074
            ],
            [
              110.725799,
              -7.776264
            ],
            [
              110.563789,
              -7.770441
            ]
          ]
        ]
      },
      "properties": {}
    },
    {
      "type": "Feature",
      "geometry": {
        "type": "Polygon",
        "coordinates": [
          [
            [
              127.968871,
              1.464309
            ],
            [
              126.825962,
              2.268199
            ],
            [
              126.70983,
              2.589114
            ],
            [
              126.740813,
              2.671436
            ],
            [
              127.327429,
              2.973685
            ],
            [
              128.321683,
              1.624945
            ]
          ]
        ]
      },
      "properties": {}
    },
    {
      "type": "Feature",
      "geometry": {
        "type": "Polygon",
        "coordinates": [
          [
            [
              113.274681,
              -8.287557
            ],
            [
              113.261815,
              -8.391264
            ],
            [
              113.605442,
              -8.27235
            ],
            [
              113.500568,
              -8.02881
            ],
            [
              113.413617,
              -8.088811
            ]
          ]
        ]
      },
      "properties": {}
    },
    {
      "type": "Feature",
      "geometry": {
        "type": "Polygon",
        "coordinates": [
          [
            [
              96.24972,
              5.014455
            ],
            [
              95.899828,
              4.620401
            ],
            [
              95.888312,
              4.64519
            ],
            [
              96.157743,
              5.053907
            ]
          ]
        ]
      },
      "properties": {}
    },
    {
      "type": "Feature",
      "geometry": {
        "type": "Polygon",
        "coordinates": [
          [
            [
              113.001976,
              -6.47002
            ],
            [
              112.519968,
              -7.099166
            ],
            [
              112.487153,
              -7.114582
            ],
            [
              112.167909,
              -6.979758
            ],
            [
              112.151247,
              -6.946236
            ],
            [
              112.245779,
              -6.328425
            ],
            [
              113.002482,
              -6.455804
            ]
          ]
        ]
      },
      "properties": {}
    },
    {
      "type": "Feature",
      "geometry": {
        "type": "Polygon",
        "coordinates": [
          [
            [
              98.245054,
              1.463872
            ],
            [
              98.348527,
              0.842787
            ],
            [
              98.272499,
              0.803347
            ],
            [
              96.638853,
              1.503549
            ],
            [
              96.80384,
              1.689941
            ],
            [
              97.565278,
              1.817732
            ],
            [
              97.904704,
              1.735335
            ]
          ]
        ]
      },
      "properties": {}
    },
    {
      "type": "Feature",
      "geometry": {
        "type": "Polygon",
        "coordinates": [
          [
            [
              123.521168,
              0.790167
            ],
            [
              123.49279,
              0.869092
            ],
            [
              122.928492,
              0.512896
            ],
            [
              122.919866,
              0.494612
            ],
            [
              123.528558,
              0.6216
            ]
          ]
        ]
      },
      "properties": {}
    },
    {
      "type": "Feature",
      "geometry": {
        "type": "Polygon",
        "coordinates": [
          [
            [
              110.320441,
              -7.124195
            ],
            [
              110.250797,
              -7.046337
            ],
            [
              110.097698,
              -7.033197
            ],
            [
              109.966578,
              -7.165931
            ],
            [
              110.028707,
              -7.226787
            ],
            [
              110.325365,
              -7.23133
            ],
            [
              110.347494,
              -7.18473
            ]
          ]
        ]
      },
      "properties": {}
    },
    {
      "type": "Feature",
      "geometry": {
        "type": "Polygon",
        "coordinates": [
          [
            [
              107.858858,
              -7.371704
            ],
            [
              108.024433,
              -7.231337
            ],
            [
              108.010379,
              -7.146997
            ],
            [
              107.851978,
              -7.036694
            ],
            [
              107.737931,
              -7.169989
            ],
            [
              107.732804,
              -7.254311
            ]
          ]
        ]
      },
      "properties": {}
    },
    {
      "type": "Feature",
      "geometry": {
        "type": "Polygon",
        "coordinates": [
          [
            [
              122.932776,
              0.690755
            ],
            [
              122.559272,
              0.745369
            ],
            [
              123.294047,
              2.389389
            ],
            [
              123.409474,
              1.220299
            ]
          ]
        ]
      },
      "properties": {}
    },
    {
      "type": "Feature",
      "geometry": {
        "type": "Polygon",
        "coordinates": [
          [
            [
              101.226015,
              -0.722981
            ],
            [
              101.202999,
              -0.530504
            ],
            [
              101.852812,
              -0.274434
            ],
            [
              102.028074,
              -0.869227
            ]
          ]
        ]
      },
      "properties": {}
    },
    {
      "type": "Feature",
      "geometry": {
        "type": "Polygon",
        "coordinates": [
          [
            [
              110.55486,
              -6.993698
            ],
            [
              110.784371,
              -6.947614
            ],
            [
              110.904048,
              -7.042338
            ],
            [
              110.574914,
              -7.183123
            ],
            [
              110.550875,
              -7.163514
            ]
          ]
        ]
      },
      "properties": {}
    },
    {
      "type": "Feature",
      "geometry": {
        "type": "Polygon",
        "coordinates": [
          [
            [
              128.237633,
              0.312742
            ],
            [
              128.4655,
              0.976568
            ],
            [
              128.068131,
              0.827469
            ],
            [
              128.021936,
              0.576223
            ]
          ]
        ]
      },
      "properties": {}
    },
    {
      "type": "Feature",
      "geometry": {
        "type": "Polygon",
        "coordinates": [
          [
            [
              100.70365,
              -1.048725
            ],
            [
              100.982381,
              -0.891063
            ],
            [
              101.122322,
              -0.9107
            ],
            [
              101.203188,
              -1.178178
            ],
            [
              100.827346,
              -1.332985
            ],
            [
              100.775683,
              -1.270764
            ]
          ]
        ]
      },
      "properties": {}
    },
    {
      "type": "Feature",
      "geometry": {
        "type": "Polygon",
        "coordinates": [
          [
            [
              100.947068,
              6.565158
            ],
            [
              99.0,
              7.414995
            ],
            [
              98.320972,
              7.443824
            ],
            [
              97.411214,
              4.58234
            ],
            [
              97.532456,
              4.553248
            ],
            [
              99.396999,
              5.295711
            ]
          ]
        ]
      },
      "properties": {}
    },
    {
      "type": "Feature",
      "geometry": {
        "type": "Polygon",
        "coordinates": [
          [
            [
              108.400911,
              -6.550661
            ],
            [
              108.944759,
              -6.29025
            ],
            [
              109.31083,
              -5.755644
            ],
            [
              108.998058,
              -4.352792
            ],
            [
              108.348256,
              -4.478093
            ],
            [
              108.075119,
              -5.405451
            ],
            [
              108.03793,
              -5.881061
            ],
            [
              108.092911,
              -6.243872
            ]
          ]
        ]
      },
      "properties": {}
    },
    {
      "type": "Feature",
      "geometry": {
        "type": "Polygon",
        "coordinates": [
          [
            [
              123.02058,
              -8.592742
            ],
            [
              123.157648,
              -8.27532
            ],
            [
              123.68691,
              -7.05138
            ],
            [
              123.693876,
              -8.021086
            ],
            [
              123.077423,
              -8.825912
            ]
          ]
        ]
      },
      "properties": {}
    },
    {
      "type": "Feature",
      "geometry": {
        "type": "Polygon",
        "coordinates": [
          [
            [
              126.96187,
              1.396696
            ],
            [
              126.825962,
              2.268199
            ],
            [
              127.968871,
              1.464309
            ],
            [
              127.804878,
              1.242415
            ]
          ]
        ]
      },
      "properties": {}
    },
    {
      "type": "Feature",
      "geometry": {
        "type": "Polygon",
        "coordinates": [
          [
            [
              103.422257,
              -1.301766
            ],
            [
              103.180903,
              -1.135976
            ],
            [
              102.636061,
              0.098033
            ],
            [
              103.138083,
              1.532379
            ],
            [
              104.025887,
              0.198671
            ],
            [
              103.484734,
              -1.327369
            ]
          ]
        ]
      },
      "properties": {}
    },
    {
      "type": "Feature",
      "geometry": {
        "type": "Polygon",
        "coordinates": [
          [
            [
              105.357433,
              -5.605892
            ],
            [
              105.825359,
              -5.254275
            ],
            [
              105.261809,
              -5.233504
            ],
            [
              105.311386,
              -5.58547
            ]
          ]
        ]
      },
      "properties": {}
    },
    {
      "type": "Feature",
      "geometry": {
        "type": "Polygon",
        "coordinates": [
          [
            [
              100.945589,
              -2.930116
            ],
            [
              100.846968,
              -3.001645
            ],
            [
              100.821404,
              -3.909175
            ],
            [
              101.591855,
              -3.24682
            ],
            [
              101.745316,
              -2.879639
            ],
            [
              101.687513,
              -2.816872
            ]
          ]
        ]
      },
      "properties": {}
    },
    {
      "type": "Feature",
      "geometry": {
        "type": "Polygon",
        "coordinates": [
          [
            [
              102.854445,
              -4.211652
            ],
            [
              102.565213,
              -4.821407
            ],
            [
              101.940739,
              -4.600581
            ],
            [
              102.100006,
              -4.440834
            ],
            [
              102.645619,
              -4.134643
            ]
          ]
        ]
      },
      "properties": {}
    },
    {
      "type": "Feature",
      "geometry": {
        "type": "Polygon",
        "coordinates": [
          [
            [
              112.981714,
              -7.086916
            ],
            [
              112.731019,
              -7.196677
            ],
            [
              112.722219,
              -7.23515
            ],
            [
              112.764316,
              -7.325561
            ],
            [
              113.046995,
              -7.3641
            ]
          ]
        ]
      },
      "properties": {}
    },
    {
      "type": "Feature",
      "geometry": {
        "type": "Polygon",
        "coordinates": [
          [
            [
              135.407292,
              -2.491102
            ],
            [
              134.549089,
              -3.604475
            ],
            [
              133.905024,
              -3.025675
            ],
            [
              134.069121,
              -2.209765
            ],
            [
              135.074888,
              -1.936439
            ]
          ]
        ]
      },
      "properties": {}
    },
    {
      "type": "Feature",
      "geometry": {
        "type": "Polygon",
        "coordinates": [
          [
            [
              96.627441,
              4.02925
            ],
            [
              96.192095,
              3.470503
            ],
            [
              96.425327,
              3.247487
            ],
            [
              97.021173,
              3.980178
            ],
            [
              96.955849,
              4.129188
            ],
            [
              96.735671,
              4.119145
            ]
          ]
        ]
      },
      "properties": {}
    },
    {
      "type": "Feature",
      "geometry": {
        "type": "Polygon",
        "coordinates": [
          [
            [
              114.446402,
              -8.627822
            ],
            [
              114.554152,
              -9.014725
            ],
            [
              113.949627,
              -11.231676
            ],
            [
              113.488316,
              -11.218996
            ],
            [
              113.970087,
              -8.263776
            ],
            [
              114.037895,
              -8.170032
            ],
            [
              114.086108,
              -8.208503
            ]
          ]
        ]
      },
      "properties": {}
    },
    {
      "type": "Feature",
      "geometry": {
        "type": "Polygon",
        "coordinates": [
          [
            [
              106.741203,
              -6.11655
            ],
            [
              106.738314,
              -6.170766
            ],
            [
              106.845495,
              -6.275661
            ],
            [
              106.908796,
              -6.276335
            ],
            [
              106.906122,
              -6.20745
            ]
          ]
        ]
      },
      "properties": {}
    },
    {
      "type": "Feature",
      "geometry": {
        "type": "Polygon",
        "coordinates": [
          [
            [
              106.754212,
              -6.26531
            ],
            [
              106.818106,
              -6.29489
            ],
            [
              106.845495,
              -6.275661
            ],
            [
              106.738314,
              -6.170766
            ],
            [
              106.686772,
              -6.230725
            ]
          ]
        ]
      },
      "properties": {}
    },
    {
      "type": "Feature",
      "geometry": {
        "type": "Polygon",
        "coordinates": [
          [
            [
              106.655264,
              -6.26531
            ],
            [
              106.664833,
              -6.348899
            ],
            [
              106.52448,
              -6.364397
            ],
            [
              106.481897,
              -6.264821
            ],
            [
              106.642161,
              -6.255732
            ],
            [
              106.655249,
              -6.265187
            ]
          ]
        ]
      },
      "properties": {}
    },
    {
      "type": "Feature",
      "geometry": {
        "type": "Polygon",
        "coordinates": [
          [
            [
              101.215898,
              -1.187725
            ],
            [
              101.842782,
              -1.148698
            ],
            [
              101.725213,
              -1.745539
            ],
            [
              101.48831,
              -1.697398
            ],
            [
              101.230279,
              -1.316063
            ]
          ]
        ]
      },
      "properties": {}
    },
    {
      "type": "Feature",
      "geometry": {
        "type": "Polygon",
        "coordinates": [
          [
            [
              95.899828,
              4.620401
            ],
            [
              95.94367,
              4.504522
            ],
            [
              95.861755,
              4.41253
            ],
            [
              95.457526,
              4.726994
            ],
            [
              95.754077,
              4.848256
            ],
            [
              95.888312,
              4.64519
            ]
          ]
        ]
      },
      "properties": {}
    },
    {
      "type": "Feature",
      "geometry": {
        "type": "Polygon",
        "coordinates": [
          [
            [
              106.73464,
              -6.034618
            ],
            [
              106.632522,
              -5.662261
            ],
            [
              106.656663,
              -4.74277
            ],
            [
              106.876652,
              -4.398524
            ],
            [
              107.087239,
              -5.889039
            ],
            [
              107.057123,
              -5.952844
            ],
            [
              106.911373,
              -6.170285
            ]
          ]
        ]
      },
      "properties": {}
    },
    {
      "type": "Feature",
      "geometry": {
        "type": "Polygon",
        "coordinates": [
          [
            [
              106.818106,
              -6.29489
            ],
            [
              106.845495,
              -6.275661
            ],
            [
              106.908796,
              -6.276335
            ],
            [
              106.941642,
              -6.302429
            ],
            [
              106.868962,
              -6.413382
            ],
            [
              106.780517,
              -6.435806
            ],
            [
              106.725958,
              -6.408384
            ],
            [
              106.70575,
              -6.379214
            ]
          ]
        ]
      },
      "properties": {}
    },
    {
      "type": "Feature",
      "geometry": {
        "type": "Polygon",
        "coordinates": [
          [
            [
              106.456106,
              -6.540168
            ],
            [
              106.48928,
              -6.537761
            ],
            [
              106.536038,
              -6.480958
            ],
            [
              106.498986,
              -6.402789
            ],
            [
              106.429813,
              -6.416677
            ],
            [
              106.410505,
              -6.503537
            ]
          ]
        ]
      },
      "properties": {}
    },
    {
      "type": "Feature",
      "geometry": {
        "type": "Polygon",
        "coordinates": [
          [
            [
              111.30589,
              -6.600849
            ],
            [
              111.499185,
              -7.170061
            ],
            [
              111.572451,
              -7.16969
            ],
            [
              111.616297,
              -6.802035
            ],
            [
              111.474143,
              -6.445319
            ]
          ]
        ]
      },
      "properties": {}
    },
    {
      "type": "Feature",
      "geometry": {
        "type": "Polygon",
        "coordinates": [
          [
            [
              113.522322,
              -7.965854
            ],
            [
              113.596747,
              -7.972122
            ],
            [
              114.038426,
              -8.164287
            ],
            [
              114.037895,
              -8.170032
            ],
            [
              113.970087,
              -8.263776
            ],
            [
              113.61712,
              -8.285283
            ],
            [
              113.605442,
              -8.27235
            ],
            [
              113.500568,
              -8.02881
            ]
          ]
        ]
      },
      "properties": {}
    },
    {
      "type": "Feature",
      "geometry": {
        "type": "Polygon",
        "coordinates": [
          [
            [
              108.195516,
              -6.734355
            ],
            [
              108.362183,
              -6.734355
            ],
            [
              108.337589,
              -6.805183
            ],
            [
              108.204353,
              -6.775495
            ]
          ]
        ]
      },
      "properties": {}
    },
    {
      "type": "Feature",
      "geometry": {
        "type": "Polygon",
        "coordinates": [
          [
            [
              110.474205,
              -6.722271
            ],
            [
              110.355535,
              -6.637547
            ],
            [
              110.162603,
              -6.359661
            ],
            [
              110.619504,
              -6.209954
            ],
            [
              110.814824,
              -6.515299
            ],
            [
              110.749884,
              -6.716165
            ],
            [
              110.709426,
              -6.752068
            ]
          ]
        ]
      },
      "properties": {}
    },
    {
      "type": "Feature",
      "geometry": {
        "type": "Polygon",
        "coordinates": [
          [
            [
              140.568168,
              -2.415006
            ],
            [
              140.327961,
              -1.538369
            ],
            [
              140.613097,
              0.549772
            ],
            [
              140.918589,
              1.58263
            ],
            [
              141.530846,
              1.0
            ],
            [
              142.701446,
              -1.0
            ],
            [
              142.876446,
              -2.461367
            ],
            [
              140.774513,
              -2.701488
            ],
            [
              140.644675,
              -2.647338
            ]
          ]
        ]
      },
      "properties": {}
    },
    {
      "type": "Feature",
      "geometry": {
        "type": "Polygon",
        "coordinates": [
          [
            [
              127.59386,
              0.868599
            ],
            [
              127.804993,
              1.09102
            ],
            [
              127.804878,
              1.242415
            ],
            [
              126.96187,
              1.396696
            ],
            [
              126.901016,
              1.113725
            ],
            [
              127.433402,
              0.923097
            ]
          ]
        ]
      },
      "properties": {}
    },
    {
      "type": "Feature",
      "geometry": {
        "type": "Polygon",
        "coordinates": [
          [
            [
              140.457911,
              -2.714008
            ],
            [
              140.644675,
              -2.647338
            ],
            [
              140.568168,
              -2.415006
            ]
          ]
        ]
      },
      "properties": {}
    },
    {
      "type": "Feature",
      "geometry": {
        "type": "Polygon",
        "coordinates": [
          [
            [
              101.641582,
              -2.49221
            ],
            [
              102.245127,
              -2.529565
            ],
            [
              102.310033,
              -2.716791
            ],
            [
              102.036412,
              -2.908293
            ],
            [
              101.745316,
              -2.879639
            ],
            [
              101.687513,
              -2.816872
            ]
          ]
        ]
      },
      "properties": {}
    },
    {
      "type": "Feature",
      "geometry": {
        "type": "Polygon",
        "coordinates": [
          [
            [
              107.326144,
              -6.633096
            ],
            [
              107.457163,
              -6.514215
            ],
            [
              107.4196,
              -6.469651
            ],
            [
              107.283726,
              -6.568867
            ],
            [
              107.290677,
              -6.593869
            ]
          ]
        ]
      },
      "properties": {}
    },
    {
      "type": "Feature",
      "geometry": {
        "type": "Polygon",
        "coordinates": [
          [
            [
              100.775683,
              -1.270764
            ],
            [
              100.827346,
              -1.332985
            ],
            [
              100.788322,
              -1.475988
            ],
            [
              100.738627,
              -1.494016
            ],
            [
              100.584903,
              -1.347612
            ],
            [
              100.605772,
              -1.267347
            ]
          ]
        ]
      },
      "properties": {}
    },
    {
      "type": "Feature",
      "geometry": {
        "type": "Polygon",
        "coordinates": [
          [
            [
              100.605772,
              -1.267347
            ],
            [
              100.584903,
              -1.347612
            ],
            [
              100.481474,
              -1.264009
            ]
          ]
        ]
      },
      "properties": {}
    },
    {
      "type": "Feature",
      "geometry": {
        "type": "Polygon",
        "coordinates": [
          [
            [
              117.006066,
              -8.882593
            ],
            [
              116.607478,
              -10.524954
            ],
            [
              116.556394,
              -9.063828
            ],
            [
              116.672329,
              -8.743638
            ],
            [
              116.687189,
              -8.72491
            ]
          ]
        ]
      },
      "properties": {}
    },
    {
      "type": "Feature",
      "geometry": {
        "type": "Polygon",
        "coordinates": [
          [
            [
              112.732206,
              -7.368569
            ],
            [
              112.632429,
              -7.420684
            ],
            [
              112.611915,
              -7.352383
            ],
            [
              112.722219,
              -7.23515
            ],
            [
              112.764316,
              -7.325561
            ]
          ]
        ]
      },
      "properties": {}
    },
    {
      "type": "Feature",
      "geometry": {
        "type": "Polygon",
        "coordinates": [
          [
            [
              106.591658,
              -7.158547
            ],
            [
              106.564349,
              -7.278663
            ],
            [
              106.6569,
              -7.348745
            ],
            [
              106.661244,
              -7.34629
            ],
            [
              106.639761,
              -7.184155
            ]
          ]
        ]
      },
      "properties": {}
    },
    {
      "type": "Feature",
      "geometry": {
        "type": "Polygon",
        "coordinates": [
          [
            [
              111.292183,
              -7.322546
            ],
            [
              111.279356,
              -7.463334
            ],
            [
              111.101378,
              -7.584285
            ],
            [
              110.89917,
              -7.346636
            ],
            [
              110.964768,
              -7.151551
            ]
          ]
        ]
      },
      "properties": {}
    },
    {
      "type": "Feature",
      "geometry": {
        "type": "Polygon",
        "coordinates": [
          [
            [
              106.754719,
              -7.106724
            ],
            [
              106.840933,
              -7.02329
            ],
            [
              106.775584,
              -7.003869
            ],
            [
              106.719298,
              -7.055237
            ]
          ]
        ]
      },
      "properties": {}
    },
    {
      "type": "Feature",
      "geometry": {
        "type": "Polygon",
        "coordinates": [
          [
            [
              110.296072,
              -7.681316
            ],
            [
              110.42944,
              -7.739126
            ],
            [
              110.455197,
              -7.708579
            ],
            [
              110.405497,
              -7.496407
            ],
            [
              110.333011,
              -7.573777
            ]
          ]
        ]
      },
      "properties": {}
    },
    {
      "type": "Feature",
      "geometry": {
        "type": "Polygon",
        "coordinates": [
          [
            [
              110.678385,
              -7.383582
            ],
            [
              110.584523,
              -7.210697
            ],
            [
              110.574914,
              -7.183123
            ],
            [
              110.904048,
              -7.042338
            ],
            [
              110.95808,
              -7.059972
            ],
            [
              110.964768,
              -7.151551
            ],
            [
              110.89917,
              -7.346636
            ],
            [
              110.764481,
              -7.393335
            ]
          ]
        ]
      },
      "properties": {}
    },
    {
      "type": "Feature",
      "geometry": {
        "type": "Polygon",
        "coordinates": [
          [
            [
              116.348792,
              -1.303185
            ],
            [
              116.432052,
              -1.191963
            ],
            [
              116.735031,
              -0.628682
            ],
            [
              116.507092,
              0.095102
            ],
            [
              115.551835,
              -0.725473
            ],
            [
              115.628082,
              -1.262164
            ]
          ]
        ]
      },
      "properties": {}
    },
    {
      "type": "Feature",
      "geometry": {
        "type": "Polygon",
        "coordinates": [
          [
            [
              117.772459,
              0.931911
            ],
            [
              117.413124,
              0.994617
            ],
            [
              117.272394,
              1.618094
            ],
            [
              118.019891,
              1.934933
            ],
            [
              118.1086,
              1.852136
            ]
          ]
        ]
      },
      "properties": {}
    },
    {
      "type": "Feature",
      "geometry": {
        "type": "Polygon",
        "coordinates": [
          [
            [
              132.509532,
              0.328605
            ],
            [
              133.728177,
              4.600836
            ],
            [
              133.0,
              4.818616
            ],
            [
              132.772529,
              4.841429
            ],
            [
              130.055233,
              1.575303
            ],
            [
              129.952259,
              1.192361
            ],
            [
              130.348306,
              0.035967
            ],
            [
              131.270731,
              -0.413162
            ],
            [
              131.962412,
              -0.181954
            ]
          ]
        ]
      },
      "properties": {}
    },
    {
      "type": "Feature",
      "geometry": {
        "type": "Polygon",
        "coordinates": [
          [
            [
              98.120929,
              2.39835
            ],
            [
              98.063099,
              2.331201
            ],
            [
              97.621233,
              2.427185
            ],
            [
              97.505258,
              2.710208
            ],
            [
              97.588138,
              2.783884
            ],
            [
              98.118142,
              2.458049
            ]
          ]
        ]
      },
      "properties": {}
    },
    {
      "type": "Feature",
      "geometry": {
        "type": "Polygon",
        "coordinates": [
          [
            [
              104.364674,
              -5.376607
            ],
            [
              104.365674,
              -5.828091
            ],
            [
              104.611457,
              -5.684615
            ],
            [
              104.548923,
              -5.424655
            ]
          ]
        ]
      },
      "properties": {}
    },
    {
      "type": "Feature",
      "geometry": {
        "type": "Polygon",
        "coordinates": [
          [
            [
              115.348345,
              -8.425871
            ],
            [
              115.100957,
              -8.377239
            ],
            [
              115.019362,
              -8.23014
            ],
            [
              115.267937,
              -8.178274
            ],
            [
              115.431979,
              -8.32185
            ]
          ]
        ]
      },
      "properties": {}
    },
    {
      "type": "Feature",
      "geometry": {
        "type": "Polygon",
        "coordinates": [
          [
            [
              111.144908,
              -6.779067
            ],
            [
              110.967541,
              -7.051052
            ],
            [
              111.365541,
              -7.146283
            ],
            [
              111.216764,
              -6.714272
            ]
          ]
        ]
      },
      "properties": {}
    },
    {
      "type": "Feature",
      "geometry": {
        "type": "Polygon",
        "coordinates": [
          [
            [
              117.431505,
              -4.894768
            ],
            [
              117.541213,
              -3.397258
            ],
            [
              117.500166,
              -2.947703
            ],
            [
              117.416435,
              -2.592781
            ],
            [
              117.382579,
              -2.580524
            ],
            [
              115.914437,
              -2.567448
            ],
            [
              115.579864,
              -4.001537
            ],
            [
              115.711011,
              -5.075136
            ],
            [
              117.132832,
              -5.427103
            ]
          ]
        ]
      },
      "properties": {}
    },
    {
      "type": "Feature",
      "geometry": {
        "type": "Polygon",
        "coordinates": [
          [
            [
              114.738251,
              3.06971
            ],
            [
              114.798121,
              2.855348
            ],
            [
              114.854355,
              2.117364
            ],
            [
              114.249246,
              0.335352
            ],
            [
              113.542723,
              -0.429213
            ],
            [
              112.784538,
              -0.565656
            ],
            [
              110.912704,
              2.764521
            ],
            [
              110.874035,
              5.251008
            ],
            [
              111.0,
              5.291406
            ],
            [
              113.0,
              5.494244
            ],
            [
              113.265859,
              5.462909
            ],
            [
              114.174113,
              4.140294
            ]
          ]
        ]
      },
      "properties": {}
    },
    {
      "type": "Feature",
      "geometry": {
        "type": "Polygon",
        "coordinates": [
          [
            [
              102.051601,
              -3.299638
            ],
            [
              102.039704,
              -3.278898
            ],
            [
              101.591855,
              -3.24682
            ],
            [
              100.821404,
              -3.909175
            ],
            [
              100.617171,
              -4.699536
            ],
            [
              101.126386,
              -4.581418
            ],
            [
              101.621563,
              -4.076763
            ],
            [
              102.022596,
              -3.599015
            ]
          ]
        ]
      },
      "properties": {}
    },
    {
      "type": "Feature",
      "geometry": {
        "type": "Polygon",
        "coordinates": [
          [
            [
              118.961713,
              -9.096568
            ],
            [
              118.325184,
              -9.431875
            ],
            [
              117.926025,
              -9.986831
            ],
            [
              117.598748,
              -10.673488
            ],
            [
              117.300727,
              -11.527064
            ],
            [
              118.916819,
              -11.891208
            ],
            [
              119.254306,
              -9.102176
            ]
          ]
        ]
      },
      "properties": {}
    },
    {
      "type": "Feature",
      "geometry": {
        "type": "Polygon",
        "coordinates": [
          [
            [
              110.704823,
              -7.677722
            ],
            [
              110.572785,
              -7.586832
            ],
            [
              110.533556,
              -7.701239
            ],
            [
              110.563789,
              -7.770441
            ],
            [
              110.725799,
              -7.776264
            ],
            [
              110.720649,
              -7.688722
            ]
          ]
        ]
      },
      "properties": {}
    },
    {
      "type": "Feature",
      "geometry": {
        "type": "Polygon",
        "coordinates": [
          [
            [
              107.055896,
              -6.977086
            ],
            [
              107.04659,
              -6.970448
            ],
            [
              107.039195,
              -6.87596
            ],
            [
              107.043302,
              -6.844301
            ],
            [
              107.121988,
              -6.867897
            ],
            [
              107.175082,
              -6.93554
            ]
          ]
        ]
      },
      "properties": {}
    },
    {
      "type": "Feature",
      "geometry": {
        "type": "Polygon",
        "coordinates": [
          [
            [
              97.958473,
              3.201178
            ],
            [
              97.785862,
              3.095081
            ],
            [
              97.381678,
              3.592449
            ],
            [
              97.572809,
              3.781835
            ],
            [
              98.090063,
              3.943118
            ],
            [
              98.102673,
              3.940437
            ],
            [
              98.146209,
              3.470885
            ]
          ]
        ]
      },
      "properties": {}
    },
    {
      "type": "Feature",
      "geometry": {
        "type": "Polygon",
        "coordinates": [
          [
            [
              122.928492,
              0.512896
            ],
            [
              122.932776,
              0.690755
            ],
            [
              122.559272,
              0.745369
            ],
            [
              122.401851,
              0.525579
            ],
            [
              122.500474,
              -0.027541
            ],
            [
              122.596396,
              -0.116626
            ],
            [
              122.919866,
              0.494612
            ]
          ]
        ]
      },
      "properties": {}
    },
    {
      "type": "Feature",
      "geometry": {
        "type": "Polygon",
        "coordinates": [
          [
            [
              120.046573,
              -9.534934
            ],
            [
              119.576585,
              -10.03792
            ],
            [
              119.035654,
              -11.912771
            ],
            [
              120.028036,
              -11.899773
            ],
            [
              120.265792,
              -10.12651
            ]
          ]
        ]
      },
      "properties": {}
    },
    {
      "type": "Feature",
      "geometry": {
        "type": "Polygon",
        "coordinates": [
          [
            [
              119.808944,
              -5.242904
            ],
            [
              119.810711,
              -5.243761
            ],
            [
              120.123864,
              -5.655261
            ],
            [
              120.119394,
              -5.885906
            ],
            [
              119.376649,
              -6.768414
            ],
            [
              119.177108,
              -6.877432
            ],
            [
              118.673118,
              -6.708821
            ],
            [
              118.444831,
              -6.535298
            ],
            [
              119.770522,
              -5.262506
            ]
          ]
        ]
      },
      "properties": {}
    },
    {
      "type": "Feature",
      "geometry": {
        "type": "Polygon",
        "coordinates": [
          [
            [
              110.112229,
              -7.865406
            ],
            [
              109.741153,
              -7.921611
            ],
            [
              109.769692,
              -7.726729
            ],
            [
              109.845106,
              -7.645482
            ],
            [
              109.898239,
              -7.635318
            ],
            [
              110.115901,
              -7.770855
            ]
          ]
        ]
      },
      "properties": {}
    },
    {
      "type": "Feature",
      "geometry": {
        "type": "Polygon",
        "coordinates": [
          [
            [
              110.212357,
              -7.972029
            ],
            [
              110.189181,
              -8.009333
            ],
            [
              110.112229,
              -7.865406
            ],
            [
              110.115901,
              -7.770855
            ],
            [
              110.214823,
              -7.762292
            ],
            [
              110.243541,
              -7.879278
            ]
          ]
        ]
      },
      "properties": {}
    },
    {
      "type": "Feature",
      "geometry": {
        "type": "Polygon",
        "coordinates": [
          [
            [
              112.958665,
              -3.156386
            ],
            [
              112.06737,
              -1.285154
            ],
            [
              112.784538,
              -0.565656
            ],
            [
              113.542723,
              -0.429213
            ],
            [
              114.10574,
              -1.323514
            ],
            [
              114.118844,
              -1.425104
            ]
          ]
        ]
      },
      "properties": {}
    },
    {
      "type": "Feature",
      "geometry": {
        "type": "Polygon",
        "coordinates": [
          [
            [
              133.075589,
              -4.611283
            ],
            [
              132.457772,
              -4.31131
            ],
            [
              132.136676,
              -4.36376
            ],
            [
              131.273566,
              -5.197434
            ],
            [
              130.945162,
              -5.987286
            ],
            [
              132.372981,
              -6.810056
            ]
          ]
        ]
      },
      "properties": {}
    },
    {
      "type": "Feature",
      "geometry": {
        "type": "Polygon",
        "coordinates": [
          [
            [
              121.707629,
              -4.529288
            ],
            [
              121.571268,
              -3.900899
            ],
            [
              121.58688,
              -3.885013
            ],
            [
              121.98205,
              -4.321116
            ],
            [
              121.970195,
              -4.367042
            ]
          ]
        ]
      },
      "properties": {}
    },
    {
      "type": "Feature",
      "geometry": {
        "type": "Polygon",
        "coordinates": [
          [
            [
              114.798121,
              2.855348
            ],
            [
              114.854355,
              2.117364
            ],
            [
              116.556489,
              0.286739
            ],
            [
              116.732392,
              0.314759
            ],
            [
              117.413124,
              0.994617
            ],
            [
              117.272394,
              1.618094
            ]
          ]
        ]
      },
      "properties": {}
    },
    {
      "type": "Feature",
      "geometry": {
        "type": "Polygon",
        "coordinates": [
          [
            [
              104.507181,
              -4.694438
            ],
            [
              104.896168,
              -3.92619
            ],
            [
              105.781857,
              -3.853029
            ],
            [
              104.99066,
              -5.149183
            ],
            [
              104.908535,
              -5.207162
            ],
            [
              104.607045,
              -5.005181
            ]
          ]
        ]
      },
      "properties": {}
    },
    {
      "type": "Feature",
      "geometry": {
        "type": "Polygon",
        "coordinates": [
          [
            [
              113.130574,
              -7.911806
            ],
            [
              113.050064,
              -8.026636
            ],
            [
              113.413617,
              -8.088811
            ],
            [
              113.500568,
              -8.02881
            ],
            [
              113.522322,
              -7.965854
            ],
            [
              113.476666,
              -7.843064
            ]
          ]
        ]
      },
      "properties": {}
    },
    {
      "type": "Feature",
      "geometry": {
        "type": "Polygon",
        "coordinates": [
          [
            [
              121.707629,
              -4.529288
            ],
            [
              121.151709,
              -4.917891
            ],
            [
              120.911404,
              -4.481491
            ],
            [
              121.571268,
              -3.900899
            ]
          ]
        ]
      },
      "properties": {}
    },
    {
      "type": "Feature",
      "geometry": {
        "type": "Polygon",
        "coordinates": [
          [
            [
              116.311828,
              -8.498701
            ],
            [
              115.806545,
              -8.513892
            ],
            [
              115.770713,
              -8.188704
            ],
            [
              115.926792,
              -7.772587
            ],
            [
              116.325048,
              -8.437405
            ]
          ]
        ]
      },
      "properties": {}
    },
    {
      "type": "Feature",
      "geometry": {
        "type": "Polygon",
        "coordinates": [
          [
            [
              97.727681,
              3.001142
            ],
            [
              96.932061,
              3.296699
            ],
            [
              96.614248,
              3.064495
            ],
            [
              96.894369,
              2.649691
            ],
            [
              97.505258,
              2.710208
            ],
            [
              97.588138,
              2.783884
            ]
          ]
        ]
      },
      "properties": {}
    },
    {
      "type": "Feature",
      "geometry": {
        "type": "Polygon",
        "coordinates": [
          [
            [
              120.396989,
              -8.574117
            ],
            [
              120.543899,
              -7.828494
            ],
            [
              120.249439,
              -7.768445
            ],
            [
              120.107015,
              -8.50128
            ],
            [
              120.358374,
              -8.751609
            ]
          ]
        ]
      },
      "properties": {}
    },
    {
      "type": "Feature",
      "geometry": {
        "type": "Polygon",
        "coordinates": [
          [
            [
              110.275871,
              -7.702938
            ],
            [
              110.296072,
              -7.681316
            ],
            [
              110.333011,
              -7.573777
            ],
            [
              110.052342,
              -7.534209
            ],
            [
              110.037601,
              -7.54967
            ],
            [
              110.266578,
              -7.706897
            ]
          ]
        ]
      },
      "properties": {}
    },
    {
      "type": "Feature",
      "geometry": {
        "type": "Polygon",
        "coordinates": [
          [
            [
              113.69194,
              -7.052262
            ],
            [
              113.791372,
              -7.399091
            ],
            [
              114.277476,
              -7.333043
            ],
            [
              114.632173,
              -7.183558
            ],
            [
              114.379809,
              -5.290859
            ],
            [
              113.977341,
              -5.716314
            ]
          ]
        ]
      },
      "properties": {}
    },
    {
      "type": "Feature",
      "geometry": {
        "type": "Polygon",
        "coordinates": [
          [
            [
              116.316411,
              -8.527521
            ],
            [
              116.311828,
              -8.498701
            ],
            [
              115.806545,
              -8.513892
            ],
            [
              115.804994,
              -8.522998
            ],
            [
              116.10486,
              -8.762406
            ],
            [
              116.313818,
              -8.551681
            ]
          ]
        ]
      },
      "properties": {}
    },
    {
      "type": "Feature",
      "geometry": {
        "type": "Polygon",
        "coordinates": [
          [
            [
              133.075589,
              -4.611283
            ],
            [
              132.457772,
              -4.31131
            ],
            [
              133.014784,
              -3.231735
            ],
            [
              133.905024,
              -3.025675
            ],
            [
              134.549089,
              -3.604475
            ],
            [
              134.684059,
              -4.542191
            ],
            [
              133.526077,
              -4.824393
            ]
          ]
        ]
      },
      "properties": {}
    },
    {
      "type": "Feature",
      "geometry": {
        "type": "Polygon",
        "coordinates": [
          [
            [
              119.499297,
              -5.002174
            ],
            [
              119.303916,
              -4.72695
            ],
            [
              119.521714,
              -4.753966
            ],
            [
              119.811352,
              -5.061024
            ],
            [
              119.804868,
              -5.136765
            ]
          ]
        ]
      },
      "properties": {}
    },
    {
      "type": "Feature",
      "geometry": {
        "type": "Polygon",
        "coordinates": [
          [
            [
              123.521168,
              0.790167
            ],
            [
              124.115989,
              0.711546
            ],
            [
              124.208123,
              0.531541
            ],
            [
              123.544718,
              0.351313
            ],
            [
              123.528558,
              0.6216
            ]
          ]
        ]
      },
      "properties": {}
    },
    {
      "type": "Feature",
      "geometry": {
        "type": "Polygon",
        "coordinates": [
          [
            [
              98.775871,
              3.540063
            ],
            [
              98.80547,
              3.70485
            ],
            [
              101.915039,
              6.070283
            ],
            [
              102.499466,
              5.783898
            ],
            [
              101.18571,
              4.013001
            ],
            [
              101.056745,
              3.929871
            ],
            [
              98.973951,
              3.276986
            ],
            [
              98.854053,
              3.277118
            ]
          ]
        ]
      },
      "properties": {}
    },
    {
      "type": "Feature",
      "geometry": {
        "type": "Polygon",
        "coordinates": [
          [
            [
              119.640158,
              -7.987417
            ],
            [
              119.558908,
              -7.452466
            ],
            [
              119.249759,
              -8.326666
            ],
            [
              119.341108,
              -9.070527
            ],
            [
              119.60736,
              -9.10811
            ],
            [
              119.73382,
              -9.080858
            ],
            [
              119.776673,
              -8.92423
            ]
          ]
        ]
      },
      "properties": {}
    },
    {
      "type": "Feature",
      "geometry": {
        "type": "Polygon",
        "coordinates": [
          [
            [
              130.371457,
              -0.834263
            ],
            [
              130.553826,
              -1.072268
            ],
            [
              129.428236,
              -2.104212
            ],
            [
              128.780316,
              -1.679608
            ],
            [
              128.730429,
              -1.080772
            ],
            [
              128.877369,
              -0.72066
            ]
          ]
        ]
      },
      "properties": {}
    },
    {
      "type": "Feature",
      "geometry": {
        "type": "Polygon",
        "coordinates": [
          [
            [
              109.10437,
              -7.362629
            ],
            [
              109.116167,
              -7.461806
            ],
            [
              109.045759,
              -7.509992
            ],
            [
              109.001549,
              -7.519631
            ],
            [
              108.726009,
              -7.275439
            ],
            [
              108.713067,
              -7.103825
            ],
            [
              108.843384,
              -7.026157
            ],
            [
              108.903475,
              -7.050721
            ],
            [
              108.937918,
              -7.077478
            ]
          ]
        ]
      },
      "properties": {}
    },
    {
      "type": "Feature",
      "geometry": {
        "type": "Polygon",
        "coordinates": [
          [
            [
              112.114686,
              -7.343443
            ],
            [
              112.041771,
              -7.405203
            ],
            [
              111.76379,
              -7.166991
            ],
            [
              111.921298,
              -6.995899
            ],
            [
              112.151247,
              -6.946236
            ],
            [
              112.167909,
              -6.979758
            ]
          ]
        ]
      },
      "properties": {}
    },
    {
      "type": "Feature",
      "geometry": {
        "type": "Polygon",
        "coordinates": [
          [
            [
              104.099949,
              -5.17678
            ],
            [
              103.156715,
              -5.851646
            ],
            [
              103.14415,
              -5.704619
            ],
            [
              103.878007,
              -5.038843
            ]
          ]
        ]
      },
      "properties": {}
    },
    {
      "type": "Feature",
      "geometry": {
        "type": "Polygon",
        "coordinates": [
          [
            [
              127.724444,
              -3.654853
            ],
            [
              127.598791,
              -5.705268
            ],
            [
              127.693002,
              -5.74568
            ],
            [
              128.594422,
              -4.615995
            ],
            [
              128.669937,
              -3.170764
            ],
            [
              128.499223,
              -3.046009
            ]
          ]
        ]
      },
      "properties": {}
    },
    {
      "type": "Feature",
      "geometry": {
        "type": "Polygon",
        "coordinates": [
          [
            [
              101.28553,
              -2.228512
            ],
            [
              101.266143,
              -2.126476
            ],
            [
              101.735479,
              -1.764479
            ],
            [
              101.880182,
              -1.931624
            ],
            [
              101.575835,
              -2.398579
            ],
            [
              101.557643,
              -2.398101
            ]
          ]
        ]
      },
      "properties": {}
    },
    {
      "type": "Feature",
      "geometry": {
        "type": "Polygon",
        "coordinates": [
          [
            [
              109.485083,
              -5.955528
            ],
            [
              109.928738,
              -6.290976
            ],
            [
              110.010956,
              -6.326607
            ],
            [
              110.162603,
              -6.359661
            ],
            [
              110.619504,
              -6.209954
            ],
            [
              111.541993,
              -5.350243
            ],
            [
              111.535112,
              -4.475358
            ],
            [
              109.674165,
              -3.748359
            ],
            [
              108.998058,
              -4.352792
            ],
            [
              109.31083,
              -5.755644
            ],
            [
              109.386596,
              -5.85514
            ]
          ]
        ]
      },
      "properties": {}
    },
    {
      "type": "Feature",
      "geometry": {
        "type": "Polygon",
        "coordinates": [
          [
            [
              100.96532,
              0.993362
            ],
            [
              100.901094,
              0.864344
            ],
            [
              101.27052,
              0.05616
            ],
            [
              101.485578,
              0.10238
            ],
            [
              101.129535,
              0.936004
            ],
            [
              101.027454,
              1.0359
            ]
          ]
        ]
      },
      "properties": {}
    },
    {
      "type": "Feature",
      "geometry": {
        "type": "Polygon",
        "coordinates": [
          [
            [
              102.623799,
              -3.834572
            ],
            [
              102.474907,
              -3.76679
            ],
            [
              102.439779,
              -3.723445
            ],
            [
              102.437226,
              -3.719007
            ],
            [
              102.529541,
              -3.650715
            ],
            [
              102.722561,
              -3.650715
            ]
          ]
        ]
      },
      "properties": {}
    },
    {
      "type": "Feature",
      "geometry": {
        "type": "Polygon",
        "coordinates": [
          [
            [
              106.56649,
              -6.867869
            ],
            [
              106.6918,
              -6.738705
            ],
            [
              106.731153,
              -6.742649
            ],
            [
              106.702211,
              -6.899254
            ],
            [
              106.638549,
              -6.927249
            ]
          ]
        ]
      },
      "properties": {}
    },
    {
      "type": "Feature",
      "geometry": {
        "type": "Polygon",
        "coordinates": [
          [
            [
              109.333833,
              -7.119231
            ],
            [
              109.365087,
              -7.110264
            ],
            [
              109.376183,
              -7.113501
            ],
            [
              109.464559,
              -7.334511
            ],
            [
              109.388138,
              -7.514347
            ],
            [
              109.365031,
              -7.524085
            ],
            [
              109.116167,
              -7.461806
            ],
            [
              109.10437,
              -7.362629
            ]
          ]
        ]
      },
      "properties": {}
    },
    {
      "type": "Feature",
      "geometry": {
        "type": "Polygon",
        "coordinates": [
          [
            [
              132.372981,
              -6.810056
            ],
            [
              130.945162,
              -5.987286
            ],
            [
              129.964522,
              -6.509302
            ],
            [
              134.203247,
              -10.293878
            ],
            [
              135.0,
              -9.989196
            ],
            [
              135.161974,
              -9.876088
            ],
            [
              133.39404,
              -7.411938
            ]
          ]
        ]
      },
      "properties": {}
    },
    {
      "type": "Feature",
      "geometry": {
        "type": "Polygon",
        "coordinates": [
          [
            [
              104.910475,
              -5.26576
            ],
            [
              104.905757,
              -5.242214
            ],
            [
              104.548923,
              -5.424655
            ],
            [
              104.611457,
              -5.684615
            ],
            [
              104.633908,
              -5.681389
            ]
          ]
        ]
      },
      "properties": {}
    },
    {
      "type": "Feature",
      "geometry": {
        "type": "Polygon",
        "coordinates": [
          [
            [
              124.546017,
              -9.733932
            ],
            [
              125.0606,
              -9.676829
            ],
            [
              127.03353,
              -10.376923
            ],
            [
              127.577046,
              -10.867751
            ],
            [
              127.0,
              -11.369455
            ],
            [
              125.0,
              -12.104937
            ],
            [
              124.891856,
              -12.090451
            ],
            [
              124.384148,
              -9.901252
            ]
          ]
        ]
      },
      "properties": {}
    },
    {
      "type": "Feature",
      "geometry": {
        "type": "Polygon",
        "coordinates": [
          [
            [
              123.073805,
              -5.22099
            ],
            [
              125.054316,
              -3.858152
            ],
            [
              123.78455,
              -3.348255
            ],
            [
              123.19417,
              -3.726559
            ],
            [
              122.901585,
              -4.29948
            ],
            [
              122.959449,
              -4.828755
            ]
          ]
        ]
      },
      "properties": {}
    },
    {
      "type": "Feature",
      "geometry": {
        "type": "Polygon",
        "coordinates": [
          [
            [
              123.983379,
              -10.110949
            ],
            [
              124.165679,
              -11.257613
            ],
            [
              123.601998,
              -10.696288
            ],
            [
              123.629906,
              -10.158079
            ]
          ]
        ]
      },
      "properties": {}
    },
    {
      "type": "Feature",
      "geometry": {
        "type": "Polygon",
        "coordinates": [
          [
            [
              122.709208,
              -9.580365
            ],
            [
              122.595767,
              -9.680659
            ],
            [
              122.630694,
              -9.866319
            ],
            [
              123.601998,
              -10.696288
            ],
            [
              123.629906,
              -10.158079
            ],
            [
              123.410595,
              -9.503548
            ],
            [
              123.218228,
              -9.373099
            ],
            [
              123.072583,
              -9.385498
            ]
          ]
        ]
      },
      "properties": {}
    },
    {
      "type": "Feature",
      "geometry": {
        "type": "Polygon",
        "coordinates": [
          [
            [
              114.854355,
              2.117364
            ],
            [
              114.249246,
              0.335352
            ],
            [
              115.551835,
              -0.725473
            ],
            [
              116.507092,
              0.095102
            ],
            [
              116.556489,
              0.286739
            ]
          ]
        ]
      },
      "properties": {}
    },
    {
      "type": "Feature",
      "geometry": {
        "type": "Polygon",
        "coordinates": [
          [
            [
              123.964932,
              -9.944139
            ],
            [
              123.851185,
              -9.765554
            ],
            [
              123.410595,
              -9.503548
            ],
            [
              123.629906,
              -10.158079
            ],
            [
              123.983379,
              -10.110949
            ]
          ]
        ]
      },
      "properties": {}
    },
    {
      "type": "Feature",
      "geometry": {
        "type": "Polygon",
        "coordinates": [
          [
            [
              97.766869,
              3.046206
            ],
            [
              97.727681,
              3.001142
            ],
            [
              96.932061,
              3.296699
            ],
            [
              97.230868,
              3.58177
            ],
            [
              97.381678,
              3.592449
            ],
            [
              97.785862,
              3.095081
            ]
          ]
        ]
      },
      "properties": {}
    },
    {
      "type": "Feature",
      "geometry": {
        "type": "Polygon",
        "coordinates": [
          [
            [
              98.581927,
              2.825562
            ],
            [
              98.397553,
              2.936582
            ],
            [
              98.423041,
              3.204189
            ],
            [
              98.739741,
              3.161744
            ],
            [
              98.588104,
              2.828824
            ]
          ]
        ]
      },
      "properties": {}
    },
    {
      "type": "Feature",
      "geometry": {
        "type": "Polygon",
        "coordinates": [
          [
            [
              110.108134,
              -7.417089
            ],
            [
              110.052342,
              -7.534209
            ],
            [
              110.037601,
              -7.54967
            ],
            [
              109.898239,
              -7.635318
            ],
            [
              109.845106,
              -7.645482
            ],
            [
              109.773513,
              -7.277356
            ],
            [
              109.834751,
              -7.166841
            ],
            [
              109.966578,
              -7.165931
            ],
            [
              110.028707,
              -7.226787
            ]
          ]
        ]
      },
      "properties": {}
    },
    {
      "type": "Feature",
      "geometry": {
        "type": "Polygon",
        "coordinates": [
          [
            [
              124.932649,
              1.398468
            ],
            [
              125.641775,
              1.425941
            ],
            [
              125.668169,
              1.638509
            ],
            [
              124.139473,
              2.48447
            ],
            [
              124.899641,
              1.443505
            ]
          ]
        ]
      },
      "properties": {}
    },
    {
      "type": "Feature",
      "geometry": {
        "type": "Polygon",
        "coordinates": [
          [
            [
              110.422818,
              -7.893558
            ],
            [
              110.470073,
              -7.837277
            ],
            [
              110.432529,
              -7.760491
            ],
            [
              110.339301,
              -7.799118
            ],
            [
              110.348104,
              -7.845003
            ]
          ]
        ]
      },
      "properties": {}
    },
    {
      "type": "Feature",
      "geometry": {
        "type": "Polygon",
        "coordinates": [
          [
            [
              119.640158,
              -7.987417
            ],
            [
              119.776673,
              -8.92423
            ],
            [
              119.977964,
              -8.663027
            ]
          ]
        ]
      },
      "properties": {}
    },
    {
      "type": "Feature",
      "geometry": {
        "type": "Polygon",
        "coordinates": [
          [
            [
              120.30965,
              -1.517457
            ],
            [
              120.390865,
              -1.593398
            ],
            [
              120.563955,
              -2.147126
            ],
            [
              120.525143,
              -2.181034
            ],
            [
              120.457937,
              -2.18968
            ],
            [
              119.594219,
              -2.248104
            ],
            [
              119.512207,
              -2.182138
            ],
            [
              119.46057,
              -2.098438
            ],
            [
              119.649122,
              -1.874197
            ]
          ]
        ]
      },
      "properties": {}
    },
    {
      "type": "Feature",
      "geometry": {
        "type": "Polygon",
        "coordinates": [
          [
            [
              98.102673,
              3.940437
            ],
            [
              98.090063,
              3.943118
            ],
            [
              97.532456,
              4.553248
            ],
            [
              99.396999,
              5.295711
            ],
            [
              98.273492,
              4.045764
            ]
          ]
        ]
      },
      "properties": {}
    },
    {
      "type": "Feature",
      "geometry": {
        "type": "Polygon",
        "coordinates": [
          [
            [
              120.098313,
              -0.352591
            ],
            [
              119.773769,
              -0.586576
            ],
            [
              119.862422,
              -0.763946
            ],
            [
              119.893572,
              -0.766459
            ],
            [
              119.937238,
              -0.759813
            ]
          ]
        ]
      },
      "properties": {}
    },
    {
      "type": "Feature",
      "geometry": {
        "type": "Polygon",
        "coordinates": [
          [
            [
              120.107015,
              -8.50128
            ],
            [
              119.977964,
              -8.663027
            ],
            [
              119.640158,
              -7.987417
            ],
            [
              119.558908,
              -7.452466
            ],
            [
              119.565033,
              -7.418454
            ],
            [
              120.249439,
              -7.768445
            ]
          ]
        ]
      },
      "properties": {}
    },
    {
      "type": "Feature",
      "geometry": {
        "type": "Polygon",
        "coordinates": [
          [
            [
              108.195516,
              -6.734355
            ],
            [
              108.173024,
              -6.629909
            ],
            [
              108.395847,
              -6.558007
            ],
            [
              108.396578,
              -6.635411
            ],
            [
              108.362183,
              -6.734355
            ]
          ]
        ]
      },
      "properties": {}
    },
    {
      "type": "Feature",
      "geometry": {
        "type": "Polygon",
        "coordinates": [
          [
            [
              125.905412,
              -0.263669
            ],
            [
              127.422148,
              -0.13601
            ],
            [
              127.993076,
              -0.904135
            ],
            [
              125.94324,
              -1.320829
            ],
            [
              125.698629,
              -0.708961
            ]
          ]
        ]
      },
      "properties": {}
    },
    {
      "type": "Feature",
      "geometry": {
        "type": "Polygon",
        "coordinates": [
          [
            [
              119.249759,
              -8.326666
            ],
            [
              118.868438,
              -8.486028
            ],
            [
              118.817936,
              -8.759078
            ],
            [
              118.961713,
              -9.096568
            ],
            [
              119.254306,
              -9.102176
            ],
            [
              119.341108,
              -9.070527
            ]
          ]
        ]
      },
      "properties": {}
    },
    {
      "type": "Feature",
      "geometry": {
        "type": "Polygon",
        "coordinates": [
          [
            [
              100.494903,
              -0.664483
            ],
            [
              100.496368,
              -0.624434
            ],
            [
              100.527242,
              -0.275816
            ],
            [
              100.644363,
              -0.144109
            ],
            [
              100.932525,
              -0.133622
            ],
            [
              100.965625,
              -0.263376
            ],
            [
              100.737574,
              -0.645414
            ]
          ]
        ]
      },
      "properties": {}
    },
    {
      "type": "Feature",
      "geometry": {
        "type": "Polygon",
        "coordinates": [
          [
            [
              109.485083,
              -5.955528
            ],
            [
              109.928738,
              -6.290976
            ],
            [
              109.784077,
              -7.077648
            ],
            [
              109.523881,
              -7.002111
            ]
          ]
        ]
      },
      "properties": {}
    },
    {
      "type": "Feature",
      "geometry": {
        "type": "Polygon",
        "coordinates": [
          [
            [
              107.166933,
              -6.833578
            ],
            [
              107.121988,
              -6.867897
            ],
            [
              107.175082,
              -6.93554
            ],
            [
              107.225872,
              -6.94286
            ],
            [
              107.18657,
              -6.839165
            ]
          ]
        ]
      },
      "properties": {}
    },
    {
      "type": "Feature",
      "geometry": {
        "type": "Polygon",
        "coordinates": [
          [
            [
              98.124846,
              2.729668
            ],
            [
              97.766869,
              3.046206
            ],
            [
              97.785862,
              3.095081
            ],
            [
              97.958473,
              3.201178
            ],
            [
              98.351946,
              2.941052
            ]
          ]
        ]
      },
      "properties": {}
    },
    {
      "type": "Feature",
      "geometry": {
        "type": "Polygon",
        "coordinates": [
          [
            [
              120.358374,
              -8.751609
            ],
            [
              120.497972,
              -9.153664
            ],
            [
              120.056154,
              -9.21152
            ],
            [
              119.73382,
              -9.080858
            ],
            [
              119.776673,
              -8.92423
            ],
            [
              119.977964,
              -8.663027
            ],
            [
              120.107015,
              -8.50128
            ]
          ]
        ]
      },
      "properties": {}
    },
    {
      "type": "Feature",
      "geometry": {
        "type": "Polygon",
        "coordinates": [
          [
            [
              103.00166,
              -5.181492
            ],
            [
              103.14415,
              -5.704619
            ],
            [
              103.878007,
              -5.038843
            ],
            [
              103.888387,
              -4.974745
            ],
            [
              103.77967,
              -4.647329
            ],
            [
              103.519453,
              -4.759043
            ]
          ]
        ]
      },
      "properties": {}
    },
    {
      "type": "Feature",
      "geometry": {
        "type": "Polygon",
        "coordinates": [
          [
            [
              122.748644,
              -8.27532
            ],
            [
              123.157648,
              -8.27532
            ],
            [
              123.02058,
              -8.592742
            ]
          ]
        ]
      },
      "properties": {}
    },
    {
      "type": "Feature",
      "geometry": {
        "type": "Polygon",
        "coordinates": [
          [
            [
              97.023235,
              4.955492
            ],
            [
              97.040334,
              4.952752
            ],
            [
              98.111872,
              7.473393
            ],
            [
              97.007999,
              7.71703
            ],
            [
              96.630047,
              6.789352
            ],
            [
              96.604567,
              5.662046
            ],
            [
              96.95879,
              4.995421
            ]
          ]
        ]
      },
      "properties": {}
    },
    {
      "type": "Feature",
      "geometry": {
        "type": "Polygon",
        "coordinates": [
          [
            [
              104.083779,
              -3.924616
            ],
            [
              104.30465,
              -3.705199
            ],
            [
              103.905747,
              -3.103395
            ],
            [
              103.773894,
              -2.935636
            ],
            [
              103.650856,
              -3.072304
            ],
            [
              103.275911,
              -3.793819
            ],
            [
              103.460548,
              -4.015099
            ]
          ]
        ]
      },
      "properties": {}
    },
    {
      "type": "Feature",
      "geometry": {
        "type": "Polygon",
        "coordinates": [
          [
            [
              103.345549,
              -4.278839
            ],
            [
              103.460548,
              -4.015099
            ],
            [
              104.083779,
              -3.924616
            ],
            [
              103.842858,
              -4.39698
            ],
            [
              103.360893,
              -4.288217
            ]
          ]
        ]
      },
      "properties": {}
    },
    {
      "type": "Feature",
      "geometry": {
        "type": "Polygon",
        "coordinates": [
          [
            [
              96.552838,
              4.450429
            ],
            [
              96.735671,
              4.119145
            ],
            [
              96.955849,
              4.129188
            ],
            [
              97.253285,
              4.445833
            ],
            [
              96.779731,
              4.553117
            ]
          ]
        ]
      },
      "properties": {}
    },
    {
      "type": "Feature",
      "geometry": {
        "type": "Polygon",
        "coordinates": [
          [
            [
              139.810213,
              -2.757096
            ],
            [
              138.900789,
              -3.049636
            ],
            [
              139.978045,
              -4.156414
            ],
            [
              140.383472,
              -3.171228
            ],
            [
              140.263886,
              -2.946374
            ]
          ]
        ]
      },
      "properties": {}
    },
    {
      "type": "Feature",
      "geometry": {
        "type": "Polygon",
        "coordinates": [
          [
            [
              121.130601,
              -3.086585
            ],
            [
              121.340991,
              -3.35155
            ],
            [
              120.804654,
              -4.015143
            ],
            [
              120.525568,
              -3.269074
            ],
            [
              120.703887,
              -3.0147
            ],
            [
              120.827211,
              -3.012646
            ]
          ]
        ]
      },
      "properties": {}
    },
    {
      "type": "Feature",
      "geometry": {
        "type": "Polygon",
        "coordinates": [
          [
            [
              100.420939,
              0.071456
            ],
            [
              100.777368,
              0.388888
            ],
            [
              100.941529,
              -0.118981
            ],
            [
              100.932525,
              -0.133622
            ],
            [
              100.644363,
              -0.144109
            ],
            [
              100.460365,
              -0.009384
            ]
          ]
        ]
      },
      "properties": {}
    },
    {
      "type": "Feature",
      "geometry": {
        "type": "Polygon",
        "coordinates": [
          [
            [
              122.97849,
              -2.543628
            ],
            [
              123.544746,
              -2.984692
            ],
            [
              123.78455,
              -3.348255
            ],
            [
              123.19417,
              -3.726559
            ],
            [
              122.732996,
              -3.774929
            ],
            [
              121.733034,
              -3.43842
            ],
            [
              122.020234,
              -2.906675
            ]
          ]
        ]
      },
      "properties": {}
    },
    {
      "type": "Feature",
      "geometry": {
        "type": "Polygon",
        "coordinates": [
          [
            [
              102.874229,
              -3.523668
            ],
            [
              103.650856,
              -3.072304
            ],
            [
              103.773894,
              -2.935636
            ],
            [
              103.73334,
              -2.743125
            ],
            [
              103.346867,
              -2.832787
            ],
            [
              102.724102,
              -3.314922
            ],
            [
              102.828398,
              -3.512219
            ]
          ]
        ]
      },
      "properties": {}
    },
    {
      "type": "Feature",
      "geometry": {
        "type": "Polygon",
        "coordinates": [
          [
            [
              105.042784,
              -5.513546
            ],
            [
              104.910475,
              -5.26576
            ],
            [
              104.633908,
              -5.681389
            ],
            [
              104.920693,
              -5.805232
            ]
          ]
        ]
      },
      "properties": {}
    },
    {
      "type": "Feature",
      "geometry": {
        "type": "Polygon",
        "coordinates": [
          [
            [
              101.575835,
              -2.398579
            ],
            [
              101.880182,
              -1.931624
            ],
            [
              101.890334,
              -1.933986
            ],
            [
              102.247603,
              -2.405417
            ],
            [
              102.245127,
              -2.529565
            ],
            [
              101.641582,
              -2.49221
            ]
          ]
        ]
      },
      "properties": {}
    },
    {
      "type": "Feature",
      "geometry": {
        "type": "Polygon",
        "coordinates": [
          [
            [
              120.396989,
              -8.574117
            ],
            [
              120.732479,
              -8.67995
            ],
            [
              120.551928,
              -9.162706
            ],
            [
              120.497972,
              -9.153664
            ],
            [
              120.358374,
              -8.751609
            ]
          ]
        ]
      },
      "properties": {}
    },
    {
      "type": "Feature",
      "geometry": {
        "type": "Polygon",
        "coordinates": [
          [
            [
              122.383588,
              -4.937476
            ],
            [
              122.959449,
              -4.828755
            ],
            [
              123.073805,
              -5.22099
            ],
            [
              123.031621,
              -5.312373
            ],
            [
              122.351028,
              -5.10849
            ]
          ]
        ]
      },
      "properties": {}
    },
    {
      "type": "Feature",
      "geometry": {
        "type": "Polygon",
        "coordinates": [
          [
            [
              119.590323,
              -3.218893
            ],
            [
              119.88654,
              -3.401463
            ],
            [
              119.291979,
              -3.899124
            ],
            [
              119.268561,
              -3.634069
            ]
          ]
        ]
      },
      "properties": {}
    },
    {
      "type": "Feature",
      "geometry": {
        "type": "Polygon",
        "coordinates": [
          [
            [
              108.570884,
              -7.529651
            ],
            [
              108.435182,
              -7.404188
            ],
            [
              108.289233,
              -7.436509
            ],
            [
              108.298544,
              -7.642687
            ],
            [
              108.319966,
              -7.661546
            ],
            [
              108.496874,
              -7.631832
            ]
          ]
        ]
      },
      "properties": {}
    },
    {
      "type": "Feature",
      "geometry": {
        "type": "Polygon",
        "coordinates": [
          [
            [
              100.788322,
              -1.475988
            ],
            [
              100.738627,
              -1.494016
            ],
            [
              100.107628,
              -1.7424
            ],
            [
              100.266656,
              -2.256223
            ],
            [
              100.367151,
              -2.297576
            ],
            [
              100.524053,
              -2.221954
            ],
            [
              101.032927,
              -1.831368
            ],
            [
              101.012813,
              -1.759217
            ]
          ]
        ]
      },
      "properties": {}
    },
    {
      "type": "Feature",
      "geometry": {
        "type": "Polygon",
        "coordinates": [
          [
            [
              122.358099,
              -7.819742
            ],
            [
              122.748644,
              -8.27532
            ],
            [
              123.157648,
              -8.27532
            ],
            [
              123.68691,
              -7.05138
            ],
            [
              123.69399,
              -6.977467
            ],
            [
              123.683256,
              -6.847155
            ],
            [
              123.365959,
              -6.791786
            ],
            [
              122.162283,
              -6.978377
            ],
            [
              122.141708,
              -7.01869
            ]
          ]
        ]
      },
      "properties": {}
    },
    {
      "type": "Feature",
      "geometry": {
        "type": "Polygon",
        "coordinates": [
          [
            [
              119.676801,
              -4.082718
            ],
            [
              119.560055,
              -4.114192
            ],
            [
              119.85805,
              -4.600015
            ],
            [
              119.960607,
              -4.631005
            ],
            [
              120.01168,
              -4.331931
            ]
          ]
        ]
      },
      "properties": {}
    },
    {
      "type": "Feature",
      "geometry": {
        "type": "Polygon",
        "coordinates": [
          [
            [
              106.574048,
              -7.122822
            ],
            [
              106.577558,
              -7.134576
            ],
            [
              106.591658,
              -7.158547
            ],
            [
              106.639761,
              -7.184155
            ],
            [
              106.773736,
              -7.205456
            ],
            [
              106.790191,
              -7.166105
            ],
            [
              106.754719,
              -7.106724
            ],
            [
              106.719298,
              -7.055237
            ],
            [
              106.653652,
              -7.041393
            ]
          ]
        ]
      },
      "properties": {}
    },
    {
      "type": "Feature",
      "geometry": {
        "type": "Polygon",
        "coordinates": [
          [
            [
              117.006066,
              -8.882593
            ],
            [
              116.607478,
              -10.524954
            ],
            [
              116.53416,
              -11.466926
            ],
            [
              117.0,
              -11.575992
            ],
            [
              117.300727,
              -11.527064
            ],
            [
              117.598748,
              -10.673488
            ],
            [
              117.345406,
              -8.748087
            ],
            [
              117.21214,
              -8.682315
            ],
            [
              117.151951,
              -8.686598
            ]
          ]
        ]
      },
      "properties": {}
    },
    {
      "type": "Feature",
      "geometry": {
        "type": "Polygon",
        "coordinates": [
          [
            [
              120.908081,
              -2.78719
            ],
            [
              120.827211,
              -3.012646
            ],
            [
              121.130601,
              -3.086585
            ],
            [
              121.218758,
              -2.956613
            ],
            [
              121.283524,
              -2.35758
            ]
          ]
        ]
      },
      "properties": {}
    },
    {
      "type": "Feature",
      "geometry": {
        "type": "Polygon",
        "coordinates": [
          [
            [
              112.043799,
              -7.984425
            ],
            [
              111.998545,
              -8.664163
            ],
            [
              112.329152,
              -7.969767
            ]
          ]
        ]
      },
      "properties": {}
    },
    {
      "type": "Feature",
      "geometry": {
        "type": "Polygon",
        "coordinates": [
          [
            [
              116.556394,
              -9.063828
            ],
            [
              116.400214,
              -8.845582
            ],
            [
              116.382468,
              -8.795657
            ],
            [
              116.371311,
              -8.653721
            ],
            [
              116.672329,
              -8.743638
            ]
          ]
        ]
      },
      "properties": {}
    },
    {
      "type": "Feature",
      "geometry": {
        "type": "Polygon",
        "coordinates": [
          [
            [
              98.450555,
              1.687534
            ],
            [
              98.675087,
              1.794505
            ],
            [
              99.045537,
              1.771934
            ],
            [
              99.236721,
              1.678621
            ],
            [
              99.127798,
              1.261099
            ],
            [
              98.633271,
              0.725852
            ],
            [
              98.348527,
              0.842787
            ],
            [
              98.245054,
              1.463872
            ]
          ]
        ]
      },
      "properties": {}
    },
    {
      "type": "Feature",
      "geometry": {
        "type": "Polygon",
        "coordinates": [
          [
            [
              113.056899,
              -7.518351
            ],
            [
              113.130574,
              -7.911806
            ],
            [
              113.050064,
              -8.026636
            ],
            [
              113.038347,
              -8.035258
            ],
            [
              113.024683,
              -8.038722
            ],
            [
              112.800918,
              -7.842558
            ],
            [
              112.926239,
              -7.593464
            ],
            [
              113.018797,
              -7.537604
            ]
          ]
        ]
      },
      "properties": {}
    },
    {
      "type": "Feature",
      "geometry": {
        "type": "Polygon",
        "coordinates": [
          [
            [
              123.111855,
              -1.078988
            ],
            [
              122.492563,
              -0.939137
            ],
            [
              122.427468,
              -1.136023
            ],
            [
              122.862499,
              -1.69784
            ],
            [
              123.171377,
              -1.308976
            ]
          ]
        ]
      },
      "properties": {}
    },
    {
      "type": "Feature",
      "geometry": {
        "type": "Polygon",
        "coordinates": [
          [
            [
              104.11152,
              -5.178435
            ],
            [
              104.17576,
              -5.098428
            ],
            [
              104.178792,
              -4.905033
            ],
            [
              103.888387,
              -4.974745
            ],
            [
              103.878007,
              -5.038843
            ],
            [
              104.099949,
              -5.17678
            ]
          ]
        ]
      },
      "properties": {}
    },
    {
      "type": "Feature",
      "geometry": {
        "type": "Polygon",
        "coordinates": [
          [
            [
              119.231428,
              1.289196
            ],
            [
              118.1086,
              1.852136
            ],
            [
              118.019891,
              1.934933
            ],
            [
              117.951436,
              2.664782
            ],
            [
              118.951122,
              3.586922
            ],
            [
              121.104272,
              4.6135
            ],
            [
              120.89889,
              4.070759
            ],
            [
              119.612566,
              1.55515
            ]
          ]
        ]
      },
      "properties": {}
    },
    {
      "type": "Feature",
      "geometry": {
        "type": "Polygon",
        "coordinates": [
          [
            [
              115.348345,
              -8.425871
            ],
            [
              115.369915,
              -8.619346
            ],
            [
              115.760257,
              -8.585065
            ],
            [
              115.804994,
              -8.522998
            ],
            [
              115.806545,
              -8.513892
            ],
            [
              115.770713,
              -8.188704
            ],
            [
              115.431979,
              -8.32185
            ]
          ]
        ]
      },
      "properties": {}
    },
    {
      "type": "Feature",
      "geometry": {
        "type": "Polygon",
        "coordinates": [
          [
            [
              107.116158,
              -0.262563
            ],
            [
              107.608498,
              -0.295999
            ],
            [
              109.675108,
              -1.011838
            ],
            [
              109.705686,
              -3.494549
            ],
            [
              109.671998,
              -3.580782
            ],
            [
              107.344498,
              -1.311491
            ]
          ]
        ]
      },
      "properties": {}
    },
    {
      "type": "Feature",
      "geometry": {
        "type": "Polygon",
        "coordinates": [
          [
            [
              112.800326,
              -7.842745
            ],
            [
              112.77281,
              -7.832185
            ],
            [
              112.387356,
              -7.759673
            ],
            [
              112.371532,
              -7.93705
            ],
            [
              112.627154,
              -8.086745
            ]
          ]
        ]
      },
      "properties": {}
    },
    {
      "type": "Feature",
      "geometry": {
        "type": "Polygon",
        "coordinates": [
          [
            [
              134.211781,
              -1.180625
            ],
            [
              133.785145,
              -1.043573
            ],
            [
              134.540365,
              2.932644
            ],
            [
              134.91384,
              -1.038034
            ]
          ]
        ]
      },
      "properties": {}
    },
    {
      "type": "Feature",
      "geometry": {
        "type": "Polygon",
        "coordinates": [
          [
            [
              121.636555,
              -7.501612
            ],
            [
              122.141708,
              -7.01869
            ],
            [
              122.358099,
              -7.819742
            ],
            [
              122.362934,
              -8.08623
            ],
            [
              121.989808,
              -8.850413
            ],
            [
              121.907593,
              -8.718281
            ]
          ]
        ]
      },
      "properties": {}
    },
    {
      "type": "Feature",
      "geometry": {
        "type": "Polygon",
        "coordinates": [
          [
            [
              102.523574,
              -3.173102
            ],
            [
              102.438609,
              -3.268278
            ],
            [
              102.051601,
              -3.299638
            ],
            [
              102.039704,
              -3.278898
            ],
            [
              102.036412,
              -2.908293
            ],
            [
              102.310033,
              -2.716791
            ],
            [
              102.359932,
              -2.740304
            ],
            [
              102.522958,
              -2.904507
            ]
          ]
        ]
      },
      "properties": {}
    },
    {
      "type": "Feature",
      "geometry": {
        "type": "Polygon",
        "coordinates": [
          [
            [
              95.360605,
              5.137774
            ],
            [
              95.738871,
              5.034669
            ],
            [
              95.916702,
              5.233786
            ],
            [
              95.941756,
              5.53387
            ],
            [
              95.602693,
              5.44162
            ]
          ]
        ]
      },
      "properties": {}
    },
    {
      "type": "Feature",
      "geometry": {
        "type": "Polygon",
        "coordinates": [
          [
            [
              125.681625,
              3.72514
            ],
            [
              122.750262,
              3.835193
            ],
            [
              122.449978,
              4.084916
            ],
            [
              121.518622,
              5.138195
            ],
            [
              121.463167,
              5.862919
            ],
            [
              123.0,
              6.87804
            ],
            [
              124.43891,
              7.282093
            ],
            [
              126.313035,
              4.762252
            ]
          ]
        ]
      },
      "properties": {}
    },
    {
      "type": "Feature",
      "geometry": {
        "type": "Polygon",
        "coordinates": [
          [
            [
              101.842782,
              -1.148698
            ],
            [
              101.725213,
              -1.745539
            ],
            [
              101.735479,
              -1.764479
            ],
            [
              101.880182,
              -1.931624
            ],
            [
              101.890334,
              -1.933986
            ],
            [
              103.422257,
              -1.301766
            ],
            [
              103.180903,
              -1.135976
            ],
            [
              102.056428,
              -0.913249
            ]
          ]
        ]
      },
      "properties": {}
    },
    {
      "type": "Feature",
      "geometry": {
        "type": "Polygon",
        "coordinates": [
          [
            [
              109.388138,
              -7.514347
            ],
            [
              109.769692,
              -7.726729
            ],
            [
              109.845106,
              -7.645482
            ],
            [
              109.773513,
              -7.277356
            ],
            [
              109.464559,
              -7.334511
            ]
          ]
        ]
      },
      "properties": {}
    },
    {
      "type": "Feature",
      "geometry": {
        "type": "Polygon",
        "coordinates": [
          [
            [
              110.665124,
              -7.394153
            ],
            [
              110.532562,
              -7.499206
            ],
            [
              110.572785,
              -7.586832
            ],
            [
              110.704823,
              -7.677722
            ]
          ]
        ]
      },
      "properties": {}
    },
    {
      "type": "Feature",
      "geometry": {
        "type": "Polygon",
        "coordinates": [
          [
            [
              131.367394,
              -2.294299
            ],
            [
              131.266419,
              -1.723451
            ],
            [
              130.581083,
              -1.08056
            ],
            [
              130.553826,
              -1.072268
            ],
            [
              129.428236,
              -2.104212
            ],
            [
              129.6789,
              -2.489496
            ],
            [
              131.312479,
              -2.383161
            ]
          ]
        ]
      },
      "properties": {}
    },
    {
      "type": "Feature",
      "geometry": {
        "type": "Polygon",
        "coordinates": [
          [
            [
              102.036412,
              -2.908293
            ],
            [
              101.745316,
              -2.879639
            ],
            [
              101.591855,
              -3.24682
            ],
            [
              102.039704,
              -3.278898
            ]
          ]
        ]
      },
      "properties": {}
    },
    {
      "type": "Feature",
      "geometry": {
        "type": "Polygon",
        "coordinates": [
          [
            [
              119.558879,
              -3.166722
            ],
            [
              119.567509,
              -3.120438
            ],
            [
              119.153167,
              -2.793327
            ],
            [
              119.095325,
              -2.889767
            ],
            [
              119.134521,
              -3.095171
            ],
            [
              119.308172,
              -3.146945
            ]
          ]
        ]
      },
      "properties": {}
    },
    {
      "type": "Feature",
      "geometry": {
        "type": "Polygon",
        "coordinates": [
          [
            [
              110.108134,
              -7.417089
            ],
            [
              110.052342,
              -7.534209
            ],
            [
              110.333011,
              -7.573777
            ],
            [
              110.405497,
              -7.496407
            ],
            [
              110.407912,
              -7.492443
            ],
            [
              110.37052,
              -7.432056
            ],
            [
              110.323441,
              -7.375964
            ]
          ]
        ]
      },
      "properties": {}
    },
    {
      "type": "Feature",
      "geometry": {
        "type": "Polygon",
        "coordinates": [
          [
            [
              103.842858,
              -4.39698
            ],
            [
              103.841186,
              -4.563937
            ],
            [
              104.27304,
              -4.745627
            ],
            [
              104.507181,
              -4.694438
            ],
            [
              104.896168,
              -3.92619
            ],
            [
              104.30465,
              -3.705199
            ],
            [
              104.083779,
              -3.924616
            ]
          ]
        ]
      },
      "properties": {}
    },
    {
      "type": "Feature",
      "geometry": {
        "type": "Polygon",
        "coordinates": [
          [
            [
              98.595085,
              3.70485
            ],
            [
              98.273492,
              4.045764
            ],
            [
              99.396999,
              5.295711
            ],
            [
              100.947068,
              6.565158
            ],
            [
              101.0,
              6.554207
            ],
            [
              101.915039,
              6.070283
            ],
            [
              98.80547,
              3.70485
            ]
          ]
        ]
      },
      "properties": {}
    },
    {
      "type": "Feature",
      "geometry": {
        "type": "Polygon",
        "coordinates": [
          [
            [
              98.674988,
              3.361466
            ],
            [
              98.596045,
              3.586665
            ],
            [
              98.607207,
              3.623881
            ],
            [
              98.775871,
              3.540063
            ],
            [
              98.854053,
              3.277118
            ],
            [
              98.840897,
              3.272884
            ]
          ]
        ]
      },
      "properties": {}
    },
    {
      "type": "Feature",
      "geometry": {
        "type": "Polygon",
        "coordinates": [
          [
            [
              98.607207,
              3.623881
            ],
            [
              98.595085,
              3.70485
            ],
            [
              98.80547,
              3.70485
            ],
            [
              98.775871,
              3.540063
            ]
          ]
        ]
      },
      "properties": {}
    },
    {
      "type": "Feature",
      "geometry": {
        "type": "Polygon",
        "coordinates": [
          [
            [
              126.740813,
              2.671436
            ],
            [
              125.681625,
              3.72514
            ],
            [
              126.313035,
              4.762252
            ],
            [
              129.55377,
              4.94897
            ],
            [
              127.327429,
              2.973685
            ]
          ]
        ]
      },
      "properties": {}
    },
    {
      "type": "Feature",
      "geometry": {
        "type": "Polygon",
        "coordinates": [
          [
            [
              107.773697,
              -7.517943
            ],
            [
              107.599002,
              -7.37885
            ],
            [
              107.602548,
              -7.357946
            ],
            [
              107.652769,
              -7.291256
            ],
            [
              107.732804,
              -7.254311
            ],
            [
              107.858858,
              -7.371704
            ],
            [
              107.872898,
              -7.502794
            ]
          ]
        ]
      },
      "properties": {}
    },
    {
      "type": "Feature",
      "geometry": {
        "type": "Polygon",
        "coordinates": [
          [
            [
              142.739945,
              -4.677896
            ],
            [
              140.161468,
              -4.659861
            ],
            [
              139.547809,
              -5.265111
            ],
            [
              140.157669,
              -6.536253
            ],
            [
              140.350837,
              -6.703785
            ],
            [
              142.836431,
              -6.580277
            ],
            [
              142.880993,
              -5.0
            ]
          ]
        ]
      },
      "properties": {}
    },
    {
      "type": "Feature",
      "geometry": {
        "type": "Polygon",
        "coordinates": [
          [
            [
              136.28156,
              -4.53
            ],
            [
              135.553716,
              -5.147594
            ],
            [
              136.577909,
              -7.3477
            ],
            [
              138.164262,
              -5.462002
            ],
            [
              137.967377,
              -4.53
            ]
          ]
        ]
      },
      "properties": {}
    },
    {
      "type": "Feature",
      "geometry": {
        "type": "Polygon",
        "coordinates": [
          [
            [
              129.0,
              7.230866
            ],
            [
              127.0,
              7.868993
            ],
            [
              125.0,
              7.607716
            ],
            [
              124.43891,
              7.282093
            ],
            [
              126.313035,
              4.762252
            ],
            [
              129.55377,
              4.94897
            ],
            [
              131.00793,
              5.683672
            ],
            [
              131.0,
              5.693335
            ]
          ]
        ]
      },
      "properties": {}
    },
    {
      "type": "Feature",
      "geometry": {
        "type": "Polygon",
        "coordinates": [
          [
            [
              119.268561,
              -3.634069
            ],
            [
              119.291979,
              -3.899124
            ],
            [
              119.250012,
              -4.07674
            ],
            [
              118.588182,
              -4.515933
            ],
            [
              118.060402,
              -4.686555
            ],
            [
              119.061689,
              -3.376233
            ],
            [
              119.26126,
              -3.621929
            ]
          ]
        ]
      },
      "properties": {}
    },
    {
      "type": "Feature",
      "geometry": {
        "type": "Polygon",
        "coordinates": [
          [
            [
              101.183186,
              -2.289863
            ],
            [
              101.014465,
              -2.841917
            ],
            [
              101.557643,
              -2.398101
            ],
            [
              101.28553,
              -2.228512
            ]
          ]
        ]
      },
      "properties": {}
    },
    {
      "type": "Feature",
      "geometry": {
        "type": "Polygon",
        "coordinates": [
          [
            [
              110.407912,
              -7.492443
            ],
            [
              110.532562,
              -7.499206
            ],
            [
              110.572785,
              -7.586832
            ],
            [
              110.533556,
              -7.701239
            ],
            [
              110.455197,
              -7.708579
            ],
            [
              110.405497,
              -7.496407
            ]
          ]
        ]
      },
      "properties": {}
    },
    {
      "type": "Feature",
      "geometry": {
        "type": "Polygon",
        "coordinates": [
          [
            [
              119.550661,
              -5.158707
            ],
            [
              117.24929,
              -5.709861
            ],
            [
              117.331349,
              -5.919127
            ],
            [
              118.444831,
              -6.535298
            ],
            [
              119.770522,
              -5.262506
            ]
          ]
        ]
      },
      "properties": {}
    },
    {
      "type": "Feature",
      "geometry": {
        "type": "Polygon",
        "coordinates": [
          [
            [
              103.123038,
              -4.528475
            ],
            [
              103.441281,
              -4.528475
            ],
            [
              103.519453,
              -4.759043
            ],
            [
              103.00166,
              -5.181492
            ],
            [
              102.90423,
              -5.053407
            ]
          ]
        ]
      },
      "properties": {}
    },
    {
      "type": "Feature",
      "geometry": {
        "type": "Polygon",
        "coordinates": [
          [
            [
              103.123038,
              -4.528475
            ],
            [
              103.216058,
              -4.304452
            ],
            [
              103.345549,
              -4.278839
            ],
            [
              103.360893,
              -4.288217
            ],
            [
              103.441281,
              -4.528475
            ]
          ]
        ]
      },
      "properties": {}
    },
    {
      "type": "Feature",
      "geometry": {
        "type": "Polygon",
        "coordinates": [
          [
            [
              112.627154,
              -8.086745
            ],
            [
              112.371532,
              -7.93705
            ],
            [
              112.352544,
              -7.956395
            ],
            [
              112.432046,
              -8.368339
            ],
            [
              112.657864,
              -8.19857
            ]
          ]
        ]
      },
      "properties": {}
    },
    {
      "type": "Feature",
      "geometry": {
        "type": "Polygon",
        "coordinates": [
          [
            [
              112.3648,
              -7.391226
            ],
            [
              112.487015,
              -7.235515
            ],
            [
              112.487153,
              -7.114582
            ],
            [
              112.167909,
              -6.979758
            ],
            [
              112.114686,
              -7.343443
            ],
            [
              112.323162,
              -7.412522
            ]
          ]
        ]
      },
      "properties": {}
    },
    {
      "type": "Feature",
      "geometry": {
        "type": "Polygon",
        "coordinates": [
          [
            [
              108.204353,
              -6.775495
            ],
            [
              108.113373,
              -6.903211
            ],
            [
              108.185836,
              -6.996036
            ],
            [
              108.276908,
              -7.022398
            ],
            [
              108.37535,
              -6.986031
            ],
            [
              108.337589,
              -6.805183
            ]
          ]
        ]
      },
      "properties": {}
    },
    {
      "type": "Feature",
      "geometry": {
        "type": "Polygon",
        "coordinates": [
          [
            [
              105.980173,
              -6.706685
            ],
            [
              105.965093,
              -6.828441
            ],
            [
              105.966195,
              -6.83115
            ],
            [
              106.018661,
              -6.95987
            ],
            [
              106.113365,
              -6.83288
            ],
            [
              106.084587,
              -6.741155
            ]
          ]
        ]
      },
      "properties": {}
    },
    {
      "type": "Feature",
      "geometry": {
        "type": "Polygon",
        "coordinates": [
          [
            [
              96.552838,
              4.450429
            ],
            [
              96.735671,
              4.119145
            ],
            [
              96.627441,
              4.02925
            ],
            [
              96.226752,
              4.303562
            ],
            [
              96.15408,
              4.500786
            ],
            [
              96.383932,
              4.611147
            ]
          ]
        ]
      },
      "properties": {}
    },
    {
      "type": "Feature",
      "geometry": {
        "type": "Polygon",
        "coordinates": [
          [
            [
              106.656663,
              -4.74277
            ],
            [
              106.501302,
              -4.907198
            ],
            [
              106.350255,
              -5.027636
            ],
            [
              105.825359,
              -5.254275
            ],
            [
              105.261809,
              -5.233504
            ],
            [
              104.99066,
              -5.149183
            ],
            [
              105.781857,
              -3.853029
            ],
            [
              106.138079,
              -3.749805
            ],
            [
              106.363054,
              -3.81169
            ],
            [
              106.901765,
              -4.343802
            ],
            [
              106.876652,
              -4.398524
            ]
          ]
        ]
      },
      "properties": {}
    },
    {
      "type": "Feature",
      "geometry": {
        "type": "Polygon",
        "coordinates": [
          [
            [
              119.512207,
              -2.182138
            ],
            [
              119.153167,
              -2.793327
            ],
            [
              119.567509,
              -3.120438
            ],
            [
              119.695229,
              -2.468831
            ],
            [
              119.594219,
              -2.248104
            ]
          ]
        ]
      },
      "properties": {}
    },
    {
      "type": "Feature",
      "geometry": {
        "type": "Polygon",
        "coordinates": [
          [
            [
              140.643547,
              -8.018886
            ],
            [
              140.063029,
              -7.807354
            ],
            [
              136.585713,
              -9.953605
            ],
            [
              137.0,
              -10.287189
            ],
            [
              139.0,
              -11.16791
            ],
            [
              141.12987,
              -11.328762
            ]
          ]
        ]
      },
      "properties": {}
    },
    {
      "type": "Feature",
      "geometry": {
        "type": "Polygon",
        "coordinates": [
          [
            [
              122.391746,
              -8.230436
            ],
            [
              122.709208,
              -9.580365
            ],
            [
              122.595767,
              -9.680659
            ],
            [
              122.150096,
              -9.586531
            ],
            [
              122.041825,
              -9.066529
            ]
          ]
        ]
      },
      "properties": {}
    },
    {
      "type": "Feature",
      "geometry": {
        "type": "Polygon",
        "coordinates": [
          [
            [
              119.46057,
              -2.098438
            ],
            [
              119.155903,
              -1.957886
            ],
            [
              118.808468,
              -2.862902
            ],
            [
              119.095325,
              -2.889767
            ],
            [
              119.153167,
              -2.793327
            ],
            [
              119.512207,
              -2.182138
            ]
          ]
        ]
      },
      "properties": {}
    },
    {
      "type": "Feature",
      "geometry": {
        "type": "Polygon",
        "coordinates": [
          [
            [
              119.048168,
              -1.902728
            ],
            [
              118.140807,
              -1.600224
            ],
            [
              117.416435,
              -2.592781
            ],
            [
              117.500166,
              -2.947703
            ],
            [
              118.808468,
              -2.862902
            ],
            [
              119.155903,
              -1.957886
            ]
          ]
        ]
      },
      "properties": {}
    },
    {
      "type": "Feature",
      "geometry": {
        "type": "Polygon",
        "coordinates": [
          [
            [
              129.964522,
              -6.509302
            ],
            [
              134.203247,
              -10.293878
            ],
            [
              133.0,
              -10.833973
            ],
            [
              131.0,
              -11.066964
            ],
            [
              129.0,
              -10.635216
            ],
            [
              128.829173,
              -10.541561
            ],
            [
              128.869887,
              -6.95061
            ]
          ]
        ]
      },
      "properties": {}
    },
    {
      "type": "Feature",
      "geometry": {
        "type": "Polygon",
        "coordinates": [
          [
            [
              103.123038,
              -4.528475
            ],
            [
              103.216058,
              -4.304452
            ],
            [
              102.998284,
              -4.093261
            ],
            [
              102.854445,
              -4.211652
            ],
            [
              102.565213,
              -4.821407
            ],
            [
              102.90423,
              -5.053407
            ]
          ]
        ]
      },
      "properties": {}
    },
    {
      "type": "Feature",
      "geometry": {
        "type": "Polygon",
        "coordinates": [
          [
            [
              124.899641,
              1.443505
            ],
            [
              124.139473,
              2.48447
            ],
            [
              123.934007,
              2.608879
            ],
            [
              123.29431,
              2.888687
            ],
            [
              123.317227,
              2.764113
            ],
            [
              124.380162,
              1.443505
            ]
          ]
        ]
      },
      "properties": {}
    },
    {
      "type": "Feature",
      "geometry": {
        "type": "Polygon",
        "coordinates": [
          [
            [
              99.006968,
              0.656481
            ],
            [
              99.849359,
              1.14658
            ],
            [
              99.943832,
              1.13813
            ],
            [
              99.954855,
              0.952197
            ],
            [
              99.781795,
              0.483915
            ],
            [
              99.665878,
              0.433484
            ]
          ]
        ]
      },
      "properties": {}
    },
    {
      "type": "Feature",
      "geometry": {
        "type": "Polygon",
        "coordinates": [
          [
            [
              120.241698,
              0.127433
            ],
            [
              119.932297,
              1.189939
            ],
            [
              119.612566,
              1.55515
            ],
            [
              119.231428,
              1.289196
            ],
            [
              118.855718,
              0.536718
            ],
            [
              119.692643,
              0.152978
            ]
          ]
        ]
      },
      "properties": {}
    },
    {
      "type": "Feature",
      "geometry": {
        "type": "Polygon",
        "coordinates": [
          [
            [
              100.165891,
              0.29222
            ],
            [
              100.254202,
              0.304645
            ],
            [
              100.266484,
              0.319167
            ],
            [
              100.288416,
              0.676658
            ],
            [
              99.954855,
              0.952197
            ],
            [
              99.781795,
              0.483915
            ],
            [
              100.121447,
              0.289755
            ]
          ]
        ]
      },
      "properties": {}
    },
    {
      "type": "Feature",
      "geometry": {
        "type": "Polygon",
        "coordinates": [
          [
            [
              121.516998,
              0.690971
            ],
            [
              121.87974,
              0.959467
            ],
            [
              122.401851,
              0.525579
            ],
            [
              122.500474,
              -0.027541
            ],
            [
              121.524242,
              0.057729
            ]
          ]
        ]
      },
      "properties": {}
    },
    {
      "type": "Feature",
      "geometry": {
        "type": "Polygon",
        "coordinates": [
          [
            [
              128.594422,
              -4.615995
            ],
            [
              129.773584,
              -3.63757
            ],
            [
              129.640784,
              -2.766043
            ],
            [
              128.669937,
              -3.170764
            ]
          ]
        ]
      },
      "properties": {}
    },
    {
      "type": "Feature",
      "geometry": {
        "type": "Polygon",
        "coordinates": [
          [
            [
              120.525143,
              -2.181034
            ],
            [
              120.592321,
              -2.877263
            ],
            [
              120.206269,
              -2.765302
            ],
            [
              120.457937,
              -2.18968
            ]
          ]
        ]
      },
      "properties": {}
    },
    {
      "type": "Feature",
      "geometry": {
        "type": "Polygon",
        "coordinates": [
          [
            [
              119.594219,
              -2.248104
            ],
            [
              119.695229,
              -2.468831
            ],
            [
              119.974329,
              -2.721921
            ],
            [
              120.206269,
              -2.765302
            ],
            [
              120.457937,
              -2.18968
            ]
          ]
        ]
      },
      "properties": {}
    },
    {
      "type": "Feature",
      "geometry": {
        "type": "Polygon",
        "coordinates": [
          [
            [
              128.237633,
              0.312742
            ],
            [
              128.4655,
              0.976568
            ],
            [
              129.277944,
              1.501477
            ],
            [
              130.055233,
              1.575303
            ],
            [
              129.952259,
              1.192361
            ],
            [
              128.894709,
              -0.27418
            ],
            [
              128.40203,
              -0.001637
            ]
          ]
        ]
      },
      "properties": {}
    },
    {
      "type": "Feature",
      "geometry": {
        "type": "Polygon",
        "coordinates": [
          [
            [
              129.277944,
              1.501477
            ],
            [
              130.055233,
              1.575303
            ],
            [
              132.772529,
              4.841429
            ],
            [
              131.00793,
              5.683672
            ],
            [
              129.55377,
              4.94897
            ],
            [
              127.327429,
              2.973685
            ],
            [
              128.321683,
              1.624945
            ]
          ]
        ]
      },
      "properties": {}
    },
    {
      "type": "Feature",
      "geometry": {
        "type": "Polygon",
        "coordinates": [
          [
            [
              120.908081,
              -2.78719
            ],
            [
              121.283524,
              -2.35758
            ],
            [
              121.291052,
              -2.321322
            ],
            [
              121.042158,
              -2.203974
            ]
          ]
        ]
      },
      "properties": {}
    },
    {
      "type": "Feature",
      "geometry": {
        "type": "Polygon",
        "coordinates": [
          [
            [
              112.624529,
              -7.494375
            ],
            [
              112.3648,
              -7.391226
            ],
            [
              112.323162,
              -7.412522
            ],
            [
              112.400129,
              -7.723116
            ],
            [
              112.580586,
              -7.575507
            ],
            [
              112.629231,
              -7.510409
            ]
          ]
        ]
      },
      "properties": {}
    },
    {
      "type": "Feature",
      "geometry": {
        "type": "Polygon",
        "coordinates": [
          [
            [
              115.602207,
              -1.299158
            ],
            [
              115.628082,
              -1.262164
            ],
            [
              115.551835,
              -0.725473
            ],
            [
              114.249246,
              0.335352
            ],
            [
              113.542723,
              -0.429213
            ],
            [
              114.10574,
              -1.323514
            ]
          ]
        ]
      },
      "properties": {}
    },
    {
      "type": "Feature",
      "geometry": {
        "type": "Polygon",
        "coordinates": [
          [
            [
              137.544266,
              -3.458207
            ],
            [
              137.210898,
              -3.117788
            ],
            [
              137.204612,
              -1.813435
            ],
            [
              137.325692,
              -1.305163
            ],
            [
              137.677815,
              -0.694327
            ],
            [
              138.805579,
              -3.041152
            ],
            [
              137.765035,
              -3.571722
            ]
          ]
        ]
      },
      "properties": {}
    },
    {
      "type": "Feature",
      "geometry": {
        "type": "Polygon",
        "coordinates": [
          [
            [
              98.438547,
              2.292291
            ],
            [
              98.450555,
              1.687534
            ],
            [
              98.245054,
              1.463872
            ],
            [
              97.904704,
              1.735335
            ],
            [
              98.063099,
              2.331201
            ],
            [
              98.120929,
              2.39835
            ]
          ]
        ]
      },
      "properties": {}
    },
    {
      "type": "Feature",
      "geometry": {
        "type": "Polygon",
        "coordinates": [
          [
            [
              103.441281,
              -4.528475
            ],
            [
              103.360893,
              -4.288217
            ],
            [
              103.842858,
              -4.39698
            ],
            [
              103.841186,
              -4.563937
            ],
            [
              103.77967,
              -4.647329
            ],
            [
              103.519453,
              -4.759043
            ]
          ]
        ]
      },
      "properties": {}
    },
    {
      "type": "Feature",
      "geometry": {
        "type": "Polygon",
        "coordinates": [
          [
            [
              122.383588,
              -4.937476
            ],
            [
              122.401708,
              -4.697677
            ],
            [
              122.901585,
              -4.29948
            ],
            [
              122.959449,
              -4.828755
            ]
          ]
        ]
      },
      "properties": {}
    },
    {
      "type": "Feature",
      "geometry": {
        "type": "Polygon",
        "coordinates": [
          [
            [
              123.317323,
              2.736936
            ],
            [
              123.294047,
              2.389389
            ],
            [
              123.409474,
              1.220299
            ],
            [
              123.49279,
              0.869092
            ],
            [
              123.521168,
              0.790167
            ],
            [
              124.115989,
              0.711546
            ],
            [
              124.191598,
              0.857537
            ]
          ]
        ]
      },
      "properties": {}
    },
    {
      "type": "Feature",
      "geometry": {
        "type": "Polygon",
        "coordinates": [
          [
            [
              121.189627,
              -7.818834
            ],
            [
              121.064008,
              -7.8692
            ],
            [
              121.195816,
              -9.44993
            ],
            [
              121.521351,
              -9.633616
            ],
            [
              121.49258,
              -8.636935
            ]
          ]
        ]
      },
      "properties": {}
    },
    {
      "type": "Feature",
      "geometry": {
        "type": "Polygon",
        "coordinates": [
          [
            [
              107.466186,
              -6.970656
            ],
            [
              107.37339,
              -6.824549
            ],
            [
              107.373409,
              -6.823251
            ],
            [
              107.507002,
              -6.784975
            ],
            [
              107.526485,
              -6.824557
            ],
            [
              107.489473,
              -6.970756
            ]
          ]
        ]
      },
      "properties": {}
    },
    {
      "type": "Feature",
      "geometry": {
        "type": "Polygon",
        "coordinates": [
          [
            [
              107.277572,
              -7.048201
            ],
            [
              107.373428,
              -7.041758
            ],
            [
              107.470656,
              -7.195045
            ],
            [
              107.387173,
              -7.294113
            ],
            [
              107.317018,
              -7.334938
            ],
            [
              107.278954,
              -7.275724
            ],
            [
              107.24797,
              -7.140911
            ],
            [
              107.264668,
              -7.069903
            ]
          ]
        ]
      },
      "properties": {}
    },
    {
      "type": "Feature",
      "geometry": {
        "type": "Polygon",
        "coordinates": [
          [
            [
              107.489473,
              -6.970756
            ],
            [
              107.526485,
              -6.824557
            ],
            [
              107.702387,
              -6.884269
            ],
            [
              107.562682,
              -6.9982
            ]
          ]
        ]
      },
      "properties": {}
    },
    {
      "type": "Feature",
      "geometry": {
        "type": "Polygon",
        "coordinates": [
          [
            [
              107.507002,
              -6.784975
            ],
            [
              107.526485,
              -6.824557
            ],
            [
              107.702387,
              -6.884269
            ],
            [
              107.728135,
              -6.872557
            ],
            [
              107.705777,
              -6.801434
            ],
            [
              107.64385,
              -6.746778
            ],
            [
              107.536363,
              -6.719985
            ]
          ]
        ]
      },
      "properties": {}
    },
    {
      "type": "Feature",
      "geometry": {
        "type": "Polygon",
        "coordinates": [
          [
            [
              107.584264,
              -7.075666
            ],
            [
              107.737931,
              -7.169989
            ],
            [
              107.732804,
              -7.254311
            ],
            [
              107.652769,
              -7.291256
            ],
            [
              107.483731,
              -7.191626
            ]
          ]
        ]
      },
      "properties": {}
    },
    {
      "type": "Feature",
      "geometry": {
        "type": "Polygon",
        "coordinates": [
          [
            [
              106.780517,
              -6.435806
            ],
            [
              106.868962,
              -6.413382
            ],
            [
              106.90468,
              -6.482544
            ],
            [
              106.917784,
              -6.528431
            ],
            [
              106.911876,
              -6.537345
            ],
            [
              106.80386,
              -6.492012
            ]
          ]
        ]
      },
      "properties": {}
    },
    {
      "type": "Feature",
      "geometry": {
        "type": "Polygon",
        "coordinates": [
          [
            [
              107.001918,
              -6.344791
            ],
            [
              107.049959,
              -6.435414
            ],
            [
              107.037565,
              -6.476439
            ],
            [
              106.917784,
              -6.528431
            ],
            [
              106.90468,
              -6.482544
            ]
          ]
        ]
      },
      "properties": {}
    },
    {
      "type": "Feature",
      "geometry": {
        "type": "Polygon",
        "coordinates": [
          [
            [
              106.80386,
              -6.492012
            ],
            [
              106.911876,
              -6.537345
            ],
            [
              106.9022,
              -6.603533
            ],
            [
              106.807957,
              -6.670176
            ],
            [
              106.759074,
              -6.600822
            ]
          ]
        ]
      },
      "properties": {}
    },
    {
      "type": "Feature",
      "geometry": {
        "type": "Polygon",
        "coordinates": [
          [
            [
              106.52448,
              -6.364397
            ],
            [
              106.481897,
              -6.264821
            ],
            [
              106.447847,
              -6.226091
            ],
            [
              106.351494,
              -6.367526
            ],
            [
              106.429813,
              -6.416677
            ],
            [
              106.498986,
              -6.402789
            ]
          ]
        ]
      },
      "properties": {}
    },
    {
      "type": "Feature",
      "geometry": {
        "type": "Polygon",
        "coordinates": [
          [
            [
              106.57095,
              -6.654188
            ],
            [
              106.628836,
              -6.572436
            ],
            [
              106.588812,
              -6.496601
            ],
            [
              106.536038,
              -6.480958
            ],
            [
              106.48928,
              -6.537761
            ]
          ]
        ]
      },
      "properties": {}
    },
    {
      "type": "Feature",
      "geometry": {
        "type": "Polygon",
        "coordinates": [
          [
            [
              106.456106,
              -6.540168
            ],
            [
              106.48928,
              -6.537761
            ],
            [
              106.57095,
              -6.654188
            ],
            [
              106.569126,
              -6.661921
            ],
            [
              106.477145,
              -6.725212
            ],
            [
              106.423552,
              -6.625899
            ]
          ]
        ]
      },
      "properties": {}
    },
    {
      "type": "Feature",
      "geometry": {
        "type": "Polygon",
        "coordinates": [
          [
            [
              106.780517,
              -6.435806
            ],
            [
              106.80386,
              -6.492012
            ],
            [
              106.759074,
              -6.600822
            ],
            [
              106.690476,
              -6.561529
            ],
            [
              106.725958,
              -6.408384
            ]
          ]
        ]
      },
      "properties": {}
    },
    {
      "type": "Feature",
      "geometry": {
        "type": "Polygon",
        "coordinates": [
          [
            [
              107.049959,
              -6.435414
            ],
            [
              107.17275,
              -6.424007
            ],
            [
              107.245981,
              -6.473602
            ],
            [
              107.259937,
              -6.535872
            ],
            [
              107.077417,
              -6.564573
            ],
            [
              107.037565,
              -6.476439
            ]
          ]
        ]
      },
      "properties": {}
    },
    {
      "type": "Feature",
      "geometry": {
        "type": "Polygon",
        "coordinates": [
          [
            [
              106.686661,
              -6.37111
            ],
            [
              106.588812,
              -6.496601
            ],
            [
              106.536038,
              -6.480958
            ],
            [
              106.498986,
              -6.402789
            ],
            [
              106.52448,
              -6.364397
            ],
            [
              106.664833,
              -6.348899
            ]
          ]
        ]
      },
      "properties": {}
    },
    {
      "type": "Feature",
      "geometry": {
        "type": "Polygon",
        "coordinates": [
          [
            [
              106.70575,
              -6.379214
            ],
            [
              106.725958,
              -6.408384
            ],
            [
              106.690476,
              -6.561529
            ],
            [
              106.628836,
              -6.572436
            ],
            [
              106.588812,
              -6.496601
            ],
            [
              106.686661,
              -6.37111
            ]
          ]
        ]
      },
      "properties": {}
    },
    {
      "type": "Feature",
      "geometry": {
        "type": "Polygon",
        "coordinates": [
          [
            [
              107.037565,
              -6.476439
            ],
            [
              106.917784,
              -6.528431
            ],
            [
              106.911876,
              -6.537345
            ],
            [
              106.9022,
              -6.603533
            ],
            [
              107.007456,
              -6.651387
            ],
            [
              107.058717,
              -6.637759
            ],
            [
              107.077417,
              -6.564573
            ]
          ]
        ]
      },
      "properties": {}
    },
    {
      "type": "Feature",
      "geometry": {
        "type": "Polygon",
        "coordinates": [
          [
            [
              112.329152,
              -7.969767
            ],
            [
              112.352544,
              -7.956395
            ],
            [
              112.432046,
              -8.368339
            ],
            [
              111.908974,
              -9.059192
            ],
            [
              111.998545,
              -8.664163
            ]
          ]
        ]
      },
      "properties": {}
    },
    {
      "type": "Feature",
      "geometry": {
        "type": "Polygon",
        "coordinates": [
          [
            [
              106.906122,
              -6.20745
            ],
            [
              106.908796,
              -6.276335
            ],
            [
              106.941642,
              -6.302429
            ],
            [
              106.988248,
              -6.312337
            ],
            [
              106.992372,
              -6.309129
            ],
            [
              107.057123,
              -5.952844
            ],
            [
              106.911373,
              -6.170285
            ]
          ]
        ]
      },
      "properties": {}
    },
    {
      "type": "Feature",
      "geometry": {
        "type": "Polygon",
        "coordinates": [
          [
            [
              107.168739,
              -6.05458
            ],
            [
              107.279833,
              -6.196197
            ],
            [
              107.178253,
              -6.286443
            ],
            [
              107.033054,
              -6.292102
            ]
          ]
        ]
      },
      "properties": {}
    },
    {
      "type": "Feature",
      "geometry": {
        "type": "Polygon",
        "coordinates": [
          [
            [
              107.166933,
              -6.833578
            ],
            [
              107.121988,
              -6.867897
            ],
            [
              107.043302,
              -6.844301
            ],
            [
              107.037802,
              -6.827809
            ],
            [
              107.067069,
              -6.799467
            ],
            [
              107.132763,
              -6.774486
            ]
          ]
        ]
      },
      "properties": {}
    },
    {
      "type": "Feature",
      "geometry": {
        "type": "Polygon",
        "coordinates": [
          [
            [
              107.003284,
              -6.810714
            ],
            [
              106.967636,
              -6.774895
            ],
            [
              107.007456,
              -6.651387
            ],
            [
              107.058717,
              -6.637759
            ],
            [
              107.069174,
              -6.646877
            ],
            [
              107.067069,
              -6.799467
            ],
            [
              107.037802,
              -6.827809
            ]
          ]
        ]
      },
      "properties": {}
    },
    {
      "type": "Feature",
      "geometry": {
        "type": "Polygon",
        "coordinates": [
          [
            [
              107.326144,
              -6.633096
            ],
            [
              107.334337,
              -6.644282
            ],
            [
              107.324658,
              -6.750046
            ],
            [
              107.258095,
              -6.776301
            ],
            [
              107.244479,
              -6.777146
            ],
            [
              107.159122,
              -6.74354
            ],
            [
              107.149273,
              -6.679687
            ],
            [
              107.290677,
              -6.593869
            ]
          ]
        ]
      },
      "properties": {}
    },
    {
      "type": "Feature",
      "geometry": {
        "type": "Polygon",
        "coordinates": [
          [
            [
              107.166933,
              -6.833578
            ],
            [
              107.132763,
              -6.774486
            ],
            [
              107.159122,
              -6.74354
            ],
            [
              107.244479,
              -6.777146
            ],
            [
              107.18657,
              -6.839165
            ]
          ]
        ]
      },
      "properties": {}
    },
    {
      "type": "Feature",
      "geometry": {
        "type": "Polygon",
        "coordinates": [
          [
            [
              107.373409,
              -6.823251
            ],
            [
              107.360664,
              -6.802633
            ],
            [
              107.324658,
              -6.750046
            ],
            [
              107.258095,
              -6.776301
            ],
            [
              107.229364,
              -6.944662
            ],
            [
              107.248366,
              -6.960939
            ],
            [
              107.37339,
              -6.824549
            ]
          ]
        ]
      },
      "properties": {}
    },
    {
      "type": "Feature",
      "geometry": {
        "type": "Polygon",
        "coordinates": [
          [
            [
              107.132763,
              -6.774486
            ],
            [
              107.067069,
              -6.799467
            ],
            [
              107.069174,
              -6.646877
            ],
            [
              107.149273,
              -6.679687
            ],
            [
              107.159122,
              -6.74354
            ]
          ]
        ]
      },
      "properties": {}
    },
    {
      "type": "Feature",
      "geometry": {
        "type": "Polygon",
        "coordinates": [
          [
            [
              107.06286,
              -6.994626
            ],
            [
              107.055896,
              -6.977086
            ],
            [
              107.04659,
              -6.970448
            ],
            [
              106.920487,
              -7.002207
            ],
            [
              106.914582,
              -7.01574
            ],
            [
              106.976013,
              -7.155407
            ],
            [
              106.982813,
              -7.160657
            ],
            [
              107.040793,
              -7.153692
            ],
            [
              107.078069,
              -7.05151
            ]
          ]
        ]
      },
      "properties": {}
    },
    {
      "type": "Feature",
      "geometry": {
        "type": "Polygon",
        "coordinates": [
          [
            [
              107.029227,
              -7.385206
            ],
            [
              106.92681,
              -7.440321
            ],
            [
              106.904625,
              -7.397737
            ],
            [
              106.982813,
              -7.160657
            ],
            [
              107.040793,
              -7.153692
            ],
            [
              107.05224,
              -7.160736
            ],
            [
              107.096472,
              -7.251827
            ]
          ]
        ]
      },
      "properties": {}
    },
    {
      "type": "Feature",
      "geometry": {
        "type": "Polygon",
        "coordinates": [
          [
            [
              107.121091,
              -7.38071
            ],
            [
              107.309789,
              -7.374102
            ],
            [
              107.378273,
              -7.711453
            ],
            [
              106.784615,
              -9.527586
            ],
            [
              106.92681,
              -7.440321
            ],
            [
              107.029227,
              -7.385206
            ]
          ]
        ]
      },
      "properties": {}
    },
    {
      "type": "Feature",
      "geometry": {
        "type": "Polygon",
        "coordinates": [
          [
            [
              107.121091,
              -7.38071
            ],
            [
              107.134652,
              -7.257426
            ],
            [
              107.096472,
              -7.251827
            ],
            [
              107.029227,
              -7.385206
            ]
          ]
        ]
      },
      "properties": {}
    },
    {
      "type": "Feature",
      "geometry": {
        "type": "Polygon",
        "coordinates": [
          [
            [
              106.223816,
              -5.959822
            ],
            [
              106.249969,
              -5.916402
            ],
            [
              106.413196,
              -5.241854
            ],
            [
              106.03252,
              -6.061364
            ],
            [
              106.064592,
              -6.093051
            ],
            [
              106.153204,
              -6.029418
            ]
          ]
        ]
      },
      "properties": {}
    },
    {
      "type": "Feature",
      "geometry": {
        "type": "Polygon",
        "coordinates": [
          [
            [
              106.03252,
              -6.061364
            ],
            [
              105.995824,
              -6.043694
            ],
            [
              105.907961,
              -5.712264
            ],
            [
              106.350255,
              -5.027636
            ],
            [
              106.501302,
              -4.907198
            ],
            [
              106.413196,
              -5.241854
            ]
          ]
        ]
      },
      "properties": {}
    },
    {
      "type": "Feature",
      "geometry": {
        "type": "Polygon",
        "coordinates": [
          [
            [
              108.518811,
              -7.012085
            ],
            [
              108.37535,
              -6.986031
            ],
            [
              108.276908,
              -7.022398
            ],
            [
              108.252957,
              -7.212974
            ],
            [
              108.283781,
              -7.253801
            ],
            [
              108.465151,
              -7.261519
            ],
            [
              108.646572,
              -7.093975
            ]
          ]
        ]
      },
      "properties": {}
    },
    {
      "type": "Feature",
      "geometry": {
        "type": "Polygon",
        "coordinates": [
          [
            [
              114.476158,
              -8.32532
            ],
            [
              114.79841,
              -8.32532
            ],
            [
              114.805465,
              -8.329191
            ],
            [
              114.555516,
              -9.012857
            ],
            [
              114.554152,
              -9.014725
            ],
            [
              114.446402,
              -8.627822
            ]
          ]
        ]
      },
      "properties": {}
    },
    {
      "type": "Feature",
      "geometry": {
        "type": "Polygon",
        "coordinates": [
          [
            [
              111.572451,
              -7.16969
            ],
            [
              111.618431,
              -7.203682
            ],
            [
              111.651039,
              -7.477109
            ],
            [
              111.429028,
              -7.526278
            ],
            [
              111.279356,
              -7.463334
            ],
            [
              111.292183,
              -7.322546
            ],
            [
              111.398262,
              -7.183396
            ],
            [
              111.499185,
              -7.170061
            ]
          ]
        ]
      },
      "properties": {}
    },
    {
      "type": "Feature",
      "geometry": {
        "type": "Polygon",
        "coordinates": [
          [
            [
              107.470656,
              -7.195045
            ],
            [
              107.387173,
              -7.294113
            ],
            [
              107.602548,
              -7.357946
            ],
            [
              107.652769,
              -7.291256
            ],
            [
              107.483731,
              -7.191626
            ]
          ]
        ]
      },
      "properties": {}
    },
    {
      "type": "Feature",
      "geometry": {
        "type": "Polygon",
        "coordinates": [
          [
            [
              114.476158,
              -8.32532
            ],
            [
              114.79841,
              -8.32532
            ],
            [
              114.52888,
              -8.146052
            ],
            [
              114.475774,
              -8.291647
            ]
          ]
        ]
      },
      "properties": {}
    },
    {
      "type": "Feature",
      "geometry": {
        "type": "Polygon",
        "coordinates": [
          [
            [
              104.11152,
              -5.178435
            ],
            [
              104.191799,
              -5.350392
            ],
            [
              104.363164,
              -5.374344
            ],
            [
              104.471824,
              -5.123988
            ],
            [
              104.17576,
              -5.098428
            ]
          ]
        ]
      },
      "properties": {}
    },
    {
      "type": "Feature",
      "geometry": {
        "type": "Polygon",
        "coordinates": [
          [
            [
              115.352722,
              -8.738555
            ],
            [
              115.349705,
              -8.650427
            ],
            [
              115.369915,
              -8.619346
            ],
            [
              115.760257,
              -8.585065
            ],
            [
              115.459785,
              -10.333889
            ],
            [
              115.354177,
              -8.777416
            ]
          ]
        ]
      },
      "properties": {}
    },
    {
      "type": "Feature",
      "geometry": {
        "type": "Polygon",
        "coordinates": [
          [
            [
              109.705805,
              -0.987341
            ],
            [
              111.085625,
              -0.783073
            ],
            [
              111.992152,
              -1.290394
            ],
            [
              109.705686,
              -3.494549
            ],
            [
              109.675108,
              -1.011838
            ]
          ]
        ]
      },
      "properties": {}
    },
    {
      "type": "Feature",
      "geometry": {
        "type": "Polygon",
        "coordinates": [
          [
            [
              119.754665,
              -1.379486
            ],
            [
              119.649122,
              -1.874197
            ],
            [
              120.30965,
              -1.517457
            ],
            [
              120.314612,
              -1.420255
            ],
            [
              120.319681,
              -1.320712
            ],
            [
              120.199977,
              -1.168531
            ]
          ]
        ]
      },
      "properties": {}
    },
    {
      "type": "Feature",
      "geometry": {
        "type": "Polygon",
        "coordinates": [
          [
            [
              107.379245,
              -6.292795
            ],
            [
              107.381175,
              -6.233125
            ],
            [
              107.502829,
              -6.167615
            ],
            [
              107.663975,
              -6.443486
            ],
            [
              107.637796,
              -6.474179
            ],
            [
              107.435167,
              -6.397852
            ]
          ]
        ]
      },
      "properties": {}
    },
    {
      "type": "Feature",
      "geometry": {
        "type": "Polygon",
        "coordinates": [
          [
            [
              107.283726,
              -6.568867
            ],
            [
              107.259937,
              -6.535872
            ],
            [
              107.245981,
              -6.473602
            ],
            [
              107.379245,
              -6.292795
            ],
            [
              107.435167,
              -6.397852
            ],
            [
              107.4196,
              -6.469651
            ]
          ]
        ]
      },
      "properties": {}
    },
    {
      "type": "Feature",
      "geometry": {
        "type": "Polygon",
        "coordinates": [
          [
            [
              107.245981,
              -6.473602
            ],
            [
              107.379245,
              -6.292795
            ],
            [
              107.381175,
              -6.233125
            ],
            [
              107.279833,
              -6.196197
            ],
            [
              107.178253,
              -6.286443
            ],
            [
              107.17275,
              -6.424007
            ]
          ]
        ]
      },
      "properties": {}
    },
    {
      "type": "Feature",
      "geometry": {
        "type": "Polygon",
        "coordinates": [
          [
            [
              106.988248,
              -6.312337
            ],
            [
              106.992372,
              -6.309129
            ],
            [
              107.033054,
              -6.292102
            ],
            [
              107.178253,
              -6.286443
            ],
            [
              107.17275,
              -6.424007
            ],
            [
              107.049959,
              -6.435414
            ],
            [
              107.001918,
              -6.344791
            ]
          ]
        ]
      },
      "properties": {}
    },
    {
      "type": "Feature",
      "geometry": {
        "type": "Polygon",
        "coordinates": [
          [
            [
              127.539319,
              -2.338122
            ],
            [
              126.042827,
              -1.909108
            ],
            [
              125.09153,
              -3.867189
            ],
            [
              126.005165,
              -5.473446
            ],
            [
              127.598791,
              -5.705268
            ],
            [
              127.724444,
              -3.654853
            ]
          ]
        ]
      },
      "properties": {}
    },
    {
      "type": "Feature",
      "geometry": {
        "type": "Polygon",
        "coordinates": [
          [
            [
              106.026068,
              -6.615805
            ],
            [
              105.94886,
              -6.652744
            ],
            [
              105.954381,
              -6.67079
            ],
            [
              105.980173,
              -6.706685
            ],
            [
              106.084587,
              -6.741155
            ],
            [
              106.119654,
              -6.682719
            ],
            [
              106.096221,
              -6.629295
            ]
          ]
        ]
      },
      "properties": {}
    },
    {
      "type": "Feature",
      "geometry": {
        "type": "Polygon",
        "coordinates": [
          [
            [
              105.966195,
              -6.83115
            ],
            [
              106.018661,
              -6.95987
            ],
            [
              105.919829,
              -7.352899
            ],
            [
              105.621987,
              -7.678969
            ],
            [
              105.667816,
              -7.189427
            ],
            [
              105.674486,
              -7.169159
            ],
            [
              105.873522,
              -6.83115
            ]
          ]
        ]
      },
      "properties": {}
    },
    {
      "type": "Feature",
      "geometry": {
        "type": "Polygon",
        "coordinates": [
          [
            [
              106.34272,
              -6.884234
            ],
            [
              106.284609,
              -6.866228
            ],
            [
              106.256391,
              -6.862096
            ],
            [
              106.310928,
              -7.058121
            ]
          ]
        ]
      },
      "properties": {}
    },
    {
      "type": "Feature",
      "geometry": {
        "type": "Polygon",
        "coordinates": [
          [
            [
              106.107131,
              -6.26511
            ],
            [
              106.077594,
              -6.429684
            ],
            [
              106.19994,
              -6.402985
            ],
            [
              106.233055,
              -6.298219
            ]
          ]
        ]
      },
      "properties": {}
    },
    {
      "type": "Feature",
      "geometry": {
        "type": "Polygon",
        "coordinates": [
          [
            [
              106.291584,
              -6.547498
            ],
            [
              106.286125,
              -6.436164
            ],
            [
              106.19994,
              -6.402985
            ],
            [
              106.077594,
              -6.429684
            ],
            [
              106.074278,
              -6.433834
            ],
            [
              106.15617,
              -6.539112
            ],
            [
              106.269252,
              -6.577206
            ],
            [
              106.282045,
              -6.566402
            ]
          ]
        ]
      },
      "properties": {}
    },
    {
      "type": "Feature",
      "geometry": {
        "type": "Polygon",
        "coordinates": [
          [
            [
              106.410505,
              -6.503537
            ],
            [
              106.429813,
              -6.416677
            ],
            [
              106.351494,
              -6.367526
            ],
            [
              106.345075,
              -6.368214
            ],
            [
              106.286125,
              -6.436164
            ],
            [
              106.291584,
              -6.547498
            ]
          ]
        ]
      },
      "properties": {}
    },
    {
      "type": "Feature",
      "geometry": {
        "type": "Polygon",
        "coordinates": [
          [
            [
              106.282045,
              -6.566402
            ],
            [
              106.269252,
              -6.577206
            ],
            [
              106.256919,
              -6.67886
            ],
            [
              106.271703,
              -6.716774
            ],
            [
              106.394043,
              -6.753891
            ],
            [
              106.455931,
              -6.767316
            ],
            [
              106.477145,
              -6.725212
            ],
            [
              106.423552,
              -6.625899
            ]
          ]
        ]
      },
      "properties": {}
    },
    {
      "type": "Feature",
      "geometry": {
        "type": "Polygon",
        "coordinates": [
          [
            [
              106.15617,
              -6.539112
            ],
            [
              106.269252,
              -6.577206
            ],
            [
              106.256919,
              -6.67886
            ],
            [
              106.119654,
              -6.682719
            ],
            [
              106.096221,
              -6.629295
            ]
          ]
        ]
      },
      "properties": {}
    },
    {
      "type": "Feature",
      "geometry": {
        "type": "Polygon",
        "coordinates": [
          [
            [
              105.692516,
              -6.691321
            ],
            [
              105.772106,
              -6.687218
            ],
            [
              105.790569,
              -6.765991
            ],
            [
              105.674486,
              -7.169159
            ],
            [
              105.667816,
              -7.189427
            ],
            [
              105.607307,
              -6.777616
            ],
            [
              105.61639,
              -6.741511
            ],
            [
              105.647168,
              -6.708346
            ]
          ]
        ]
      },
      "properties": {}
    },
    {
      "type": "Feature",
      "geometry": {
        "type": "Polygon",
        "coordinates": [
          [
            [
              105.954381,
              -6.67079
            ],
            [
              105.879334,
              -6.773109
            ],
            [
              105.895868,
              -6.792952
            ],
            [
              105.965093,
              -6.828441
            ],
            [
              105.980173,
              -6.706685
            ]
          ]
        ]
      },
      "properties": {}
    },
    {
      "type": "Feature",
      "geometry": {
        "type": "Polygon",
        "coordinates": [
          [
            [
              106.249362,
              -6.857671
            ],
            [
              106.043445,
              -7.280628
            ],
            [
              105.919829,
              -7.352899
            ],
            [
              106.018661,
              -6.95987
            ],
            [
              106.113365,
              -6.83288
            ],
            [
              106.218563,
              -6.812682
            ]
          ]
        ]
      },
      "properties": {}
    },
    {
      "type": "Feature",
      "geometry": {
        "type": "Polygon",
        "coordinates": [
          [
            [
              106.34272,
              -6.884234
            ],
            [
              106.284609,
              -6.866228
            ],
            [
              106.394043,
              -6.753891
            ],
            [
              106.455931,
              -6.767316
            ],
            [
              106.466464,
              -6.813238
            ],
            [
              106.434669,
              -6.84503
            ]
          ]
        ]
      },
      "properties": {}
    },
    {
      "type": "Feature",
      "geometry": {
        "type": "Polygon",
        "coordinates": [
          [
            [
              106.34272,
              -6.884234
            ],
            [
              106.310928,
              -7.058121
            ],
            [
              106.312311,
              -7.109229
            ],
            [
              106.3661,
              -7.086669
            ],
            [
              106.434669,
              -6.84503
            ]
          ]
        ]
      },
      "properties": {}
    },
    {
      "type": "Feature",
      "geometry": {
        "type": "Polygon",
        "coordinates": [
          [
            [
              118.030244,
              3.682163
            ],
            [
              118.951122,
              3.586922
            ],
            [
              121.104272,
              4.6135
            ],
            [
              121.518622,
              5.138195
            ],
            [
              121.463167,
              5.862919
            ],
            [
              121.0,
              6.20519
            ],
            [
              119.0,
              7.00112
            ],
            [
              117.0,
              7.115019
            ],
            [
              115.0,
              6.546888
            ],
            [
              113.265859,
              5.462909
            ],
            [
              114.174113,
              4.140294
            ]
          ]
        ]
      },
      "properties": {}
    },
    {
      "type": "Feature",
      "geometry": {
        "type": "Polygon",
        "coordinates": [
          [
            [
              105.104254,
              -6.324009
            ],
            [
              105.61639,
              -6.741511
            ],
            [
              105.607307,
              -6.777616
            ],
            [
              104.782494,
              -6.614056
            ],
            [
              105.06689,
              -6.338584
            ]
          ]
        ]
      },
      "properties": {}
    },
    {
      "type": "Feature",
      "geometry": {
        "type": "Polygon",
        "coordinates": [
          [
            [
              105.526195,
              -6.345638
            ],
            [
              105.616648,
              -6.447286
            ],
            [
              105.692516,
              -6.691321
            ],
            [
              105.647168,
              -6.708346
            ],
            [
              105.451556,
              -6.306743
            ]
          ]
        ]
      },
      "properties": {}
    },
    {
      "type": "Feature",
      "geometry": {
        "type": "Polygon",
        "coordinates": [
          [
            [
              105.895868,
              -6.792952
            ],
            [
              105.879334,
              -6.773109
            ],
            [
              105.790569,
              -6.765991
            ],
            [
              105.674486,
              -7.169159
            ],
            [
              105.873522,
              -6.83115
            ]
          ]
        ]
      },
      "properties": {}
    },
    {
      "type": "Feature",
      "geometry": {
        "type": "Polygon",
        "coordinates": [
          [
            [
              105.902917,
              -6.503812
            ],
            [
              105.923293,
              -6.633601
            ],
            [
              105.777178,
              -6.679329
            ],
            [
              105.752752,
              -6.565326
            ]
          ]
        ]
      },
      "properties": {}
    },
    {
      "type": "Feature",
      "geometry": {
        "type": "Polygon",
        "coordinates": [
          [
            [
              105.57386,
              -6.353384
            ],
            [
              105.915142,
              -6.324896
            ],
            [
              105.92613,
              -6.244026
            ],
            [
              105.485434,
              -6.093948
            ],
            [
              105.387998,
              -6.135611
            ],
            [
              105.319916,
              -6.221126
            ],
            [
              105.451556,
              -6.306743
            ],
            [
              105.526195,
              -6.345638
            ]
          ]
        ]
      },
      "properties": {}
    },
    {
      "type": "Feature",
      "geometry": {
        "type": "Polygon",
        "coordinates": [
          [
            [
              106.065317,
              -6.435966
            ],
            [
              105.957935,
              -6.431216
            ],
            [
              105.915142,
              -6.324896
            ],
            [
              105.92613,
              -6.244026
            ],
            [
              105.968843,
              -6.206244
            ],
            [
              106.054602,
              -6.199732
            ],
            [
              106.09158,
              -6.222344
            ],
            [
              106.107131,
              -6.26511
            ],
            [
              106.077594,
              -6.429684
            ],
            [
              106.074278,
              -6.433834
            ]
          ]
        ]
      },
      "properties": {}
    },
    {
      "type": "Feature",
      "geometry": {
        "type": "Polygon",
        "coordinates": [
          [
            [
              105.57386,
              -6.353384
            ],
            [
              105.911073,
              -6.474704
            ],
            [
              105.957935,
              -6.431216
            ],
            [
              105.915142,
              -6.324896
            ]
          ]
        ]
      },
      "properties": {}
    },
    {
      "type": "Feature",
      "geometry": {
        "type": "Polygon",
        "coordinates": [
          [
            [
              107.326144,
              -6.633096
            ],
            [
              107.334337,
              -6.644282
            ],
            [
              107.503657,
              -6.642433
            ],
            [
              107.550688,
              -6.569154
            ],
            [
              107.457163,
              -6.514215
            ]
          ]
        ]
      },
      "properties": {}
    },
    {
      "type": "Feature",
      "geometry": {
        "type": "Polygon",
        "coordinates": [
          [
            [
              107.457163,
              -6.514215
            ],
            [
              107.550688,
              -6.569154
            ],
            [
              107.623722,
              -6.516764
            ],
            [
              107.637796,
              -6.474179
            ],
            [
              107.435167,
              -6.397852
            ],
            [
              107.4196,
              -6.469651
            ]
          ]
        ]
      },
      "properties": {}
    },
    {
      "type": "Feature",
      "geometry": {
        "type": "Polygon",
        "coordinates": [
          [
            [
              127.539319,
              -2.338122
            ],
            [
              127.724444,
              -3.654853
            ],
            [
              128.499223,
              -3.046009
            ],
            [
              128.119659,
              -2.149511
            ]
          ]
        ]
      },
      "properties": {}
    },
    {
      "type": "Feature",
      "geometry": {
        "type": "Polygon",
        "coordinates": [
          [
            [
              106.773991,
              -6.921754
            ],
            [
              106.702211,
              -6.899254
            ],
            [
              106.731153,
              -6.742649
            ],
            [
              106.797797,
              -6.716108
            ],
            [
              106.841805,
              -6.765541
            ],
            [
              106.842146,
              -6.778392
            ],
            [
              106.801289,
              -6.908159
            ]
          ]
        ]
      },
      "properties": {}
    },
    {
      "type": "Feature",
      "geometry": {
        "type": "Polygon",
        "coordinates": [
          [
            [
              106.920487,
              -7.002207
            ],
            [
              107.04659,
              -6.970448
            ],
            [
              107.039195,
              -6.87596
            ],
            [
              106.911554,
              -6.92256
            ],
            [
              106.901822,
              -6.952505
            ]
          ]
        ]
      },
      "properties": {}
    },
    {
      "type": "Feature",
      "geometry": {
        "type": "Polygon",
        "coordinates": [
          [
            [
              106.901822,
              -6.952505
            ],
            [
              106.911554,
              -6.92256
            ],
            [
              106.913,
              -6.894352
            ],
            [
              106.842146,
              -6.778392
            ],
            [
              106.801289,
              -6.908159
            ]
          ]
        ]
      },
      "properties": {}
    },
    {
      "type": "Feature",
      "geometry": {
        "type": "Polygon",
        "coordinates": [
          [
            [
              106.451875,
              -7.262023
            ],
            [
              106.478553,
              -7.282254
            ],
            [
              106.489289,
              -7.503206
            ],
            [
              106.474647,
              -7.708903
            ],
            [
              105.54011,
              -10.622099
            ],
            [
              105.0,
              -10.586284
            ],
            [
              104.120325,
              -10.264002
            ],
            [
              105.621987,
              -7.678969
            ],
            [
              105.919829,
              -7.352899
            ],
            [
              106.043445,
              -7.280628
            ],
            [
              106.213833,
              -7.197412
            ]
          ]
        ]
      },
      "properties": {}
    },
    {
      "type": "Feature",
      "geometry": {
        "type": "Polygon",
        "coordinates": [
          [
            [
              106.790191,
              -7.166105
            ],
            [
              106.793706,
              -7.164257
            ],
            [
              106.876697,
              -7.030814
            ],
            [
              106.840933,
              -7.02329
            ],
            [
              106.754719,
              -7.106724
            ]
          ]
        ]
      },
      "properties": {}
    },
    {
      "type": "Feature",
      "geometry": {
        "type": "Polygon",
        "coordinates": [
          [
            [
              106.914582,
              -7.01574
            ],
            [
              106.976013,
              -7.155407
            ],
            [
              106.793706,
              -7.164257
            ],
            [
              106.876697,
              -7.030814
            ]
          ]
        ]
      },
      "properties": {}
    },
    {
      "type": "Feature",
      "geometry": {
        "type": "Polygon",
        "coordinates": [
          [
            [
              106.488909,
              -7.012561
            ],
            [
              106.461167,
              -7.073357
            ],
            [
              106.3661,
              -7.086669
            ],
            [
              106.434669,
              -6.84503
            ],
            [
              106.466464,
              -6.813238
            ],
            [
              106.514811,
              -6.854509
            ]
          ]
        ]
      },
      "properties": {}
    },
    {
      "type": "Feature",
      "geometry": {
        "type": "Polygon",
        "coordinates": [
          [
            [
              106.773736,
              -7.205456
            ],
            [
              106.793365,
              -7.31109
            ],
            [
              106.661244,
              -7.34629
            ],
            [
              106.639761,
              -7.184155
            ]
          ]
        ]
      },
      "properties": {}
    },
    {
      "type": "Feature",
      "geometry": {
        "type": "Polygon",
        "coordinates": [
          [
            [
              106.6569,
              -7.348745
            ],
            [
              106.474647,
              -7.708903
            ],
            [
              106.489289,
              -7.503206
            ],
            [
              106.534205,
              -7.35582
            ],
            [
              106.558703,
              -7.280769
            ],
            [
              106.564349,
              -7.278663
            ]
          ]
        ]
      },
      "properties": {}
    },
    {
      "type": "Feature",
      "geometry": {
        "type": "Polygon",
        "coordinates": [
          [
            [
              106.574048,
              -7.122822
            ],
            [
              106.577558,
              -7.134576
            ],
            [
              106.451875,
              -7.262023
            ],
            [
              106.213833,
              -7.197412
            ],
            [
              106.312311,
              -7.109229
            ],
            [
              106.3661,
              -7.086669
            ],
            [
              106.461167,
              -7.073357
            ]
          ]
        ]
      },
      "properties": {}
    },
    {
      "type": "Feature",
      "geometry": {
        "type": "Polygon",
        "coordinates": [
          [
            [
              106.514811,
              -6.854509
            ],
            [
              106.466464,
              -6.813238
            ],
            [
              106.455931,
              -6.767316
            ],
            [
              106.477145,
              -6.725212
            ],
            [
              106.569126,
              -6.661921
            ],
            [
              106.6918,
              -6.738705
            ],
            [
              106.56649,
              -6.867869
            ]
          ]
        ]
      },
      "properties": {}
    },
    {
      "type": "Feature",
      "geometry": {
        "type": "Polygon",
        "coordinates": [
          [
            [
              106.988248,
              -6.312337
            ],
            [
              106.941642,
              -6.302429
            ],
            [
              106.868962,
              -6.413382
            ],
            [
              106.90468,
              -6.482544
            ],
            [
              107.001918,
              -6.344791
            ]
          ]
        ]
      },
      "properties": {}
    },
    {
      "type": "Feature",
      "geometry": {
        "type": "Polygon",
        "coordinates": [
          [
            [
              105.935461,
              -6.129584
            ],
            [
              105.968843,
              -6.206244
            ],
            [
              106.054602,
              -6.199732
            ],
            [
              106.064592,
              -6.093051
            ],
            [
              106.03252,
              -6.061364
            ],
            [
              105.995824,
              -6.043694
            ],
            [
              105.962549,
              -6.071315
            ]
          ]
        ]
      },
      "properties": {}
    },
    {
      "type": "Feature",
      "geometry": {
        "type": "Polygon",
        "coordinates": [
          [
            [
              106.19091,
              -6.172285
            ],
            [
              106.223816,
              -5.959822
            ],
            [
              106.153204,
              -6.029418
            ],
            [
              106.136873,
              -6.194636
            ]
          ]
        ]
      },
      "properties": {}
    },
    {
      "type": "Feature",
      "geometry": {
        "type": "Polygon",
        "coordinates": [
          [
            [
              106.291886,
              -6.200587
            ],
            [
              106.268654,
              -6.28621
            ],
            [
              106.345075,
              -6.368214
            ],
            [
              106.351494,
              -6.367526
            ],
            [
              106.447847,
              -6.226091
            ],
            [
              106.441599,
              -6.192439
            ],
            [
              106.319559,
              -6.180887
            ]
          ]
        ]
      },
      "properties": {}
    },
    {
      "type": "Feature",
      "geometry": {
        "type": "Polygon",
        "coordinates": [
          [
            [
              106.291886,
              -6.200587
            ],
            [
              106.19091,
              -6.172285
            ],
            [
              106.223816,
              -5.959822
            ],
            [
              106.249969,
              -5.916402
            ],
            [
              106.319559,
              -6.180887
            ]
          ]
        ]
      },
      "properties": {}
    },
    {
      "type": "Feature",
      "geometry": {
        "type": "Polygon",
        "coordinates": [
          [
            [
              106.107131,
              -6.26511
            ],
            [
              106.09158,
              -6.222344
            ],
            [
              106.136873,
              -6.194636
            ],
            [
              106.19091,
              -6.172285
            ],
            [
              106.291886,
              -6.200587
            ],
            [
              106.268654,
              -6.28621
            ],
            [
              106.233055,
              -6.298219
            ]
          ]
        ]
      },
      "properties": {}
    },
    {
      "type": "Feature",
      "geometry": {
        "type": "Polygon",
        "coordinates": [
          [
            [
              105.485434,
              -6.093948
            ],
            [
              105.662093,
              -5.977299
            ],
            [
              105.935461,
              -6.129584
            ],
            [
              105.968843,
              -6.206244
            ],
            [
              105.92613,
              -6.244026
            ]
          ]
        ]
      },
      "properties": {}
    },
    {
      "type": "Feature",
      "geometry": {
        "type": "Polygon",
        "coordinates": [
          [
            [
              107.665608,
              -6.582994
            ],
            [
              107.773505,
              -6.655063
            ],
            [
              107.915882,
              -6.612189
            ],
            [
              107.941737,
              -6.57423
            ],
            [
              107.729819,
              -6.421871
            ],
            [
              107.663975,
              -6.443486
            ],
            [
              107.637796,
              -6.474179
            ],
            [
              107.623722,
              -6.516764
            ]
          ]
        ]
      },
      "properties": {}
    },
    {
      "type": "Feature",
      "geometry": {
        "type": "Polygon",
        "coordinates": [
          [
            [
              107.502829,
              -6.167615
            ],
            [
              108.075119,
              -5.405451
            ],
            [
              108.03793,
              -5.881061
            ],
            [
              107.729819,
              -6.421871
            ],
            [
              107.663975,
              -6.443486
            ]
          ]
        ]
      },
      "properties": {}
    },
    {
      "type": "Feature",
      "geometry": {
        "type": "Polygon",
        "coordinates": [
          [
            [
              107.705777,
              -6.801434
            ],
            [
              107.773505,
              -6.655063
            ],
            [
              107.665608,
              -6.582994
            ],
            [
              107.653682,
              -6.66605
            ],
            [
              107.64385,
              -6.746778
            ]
          ]
        ]
      },
      "properties": {}
    },
    {
      "type": "Feature",
      "geometry": {
        "type": "Polygon",
        "coordinates": [
          [
            [
              107.503657,
              -6.642433
            ],
            [
              107.513037,
              -6.66605
            ],
            [
              107.653682,
              -6.66605
            ],
            [
              107.665608,
              -6.582994
            ],
            [
              107.623722,
              -6.516764
            ],
            [
              107.550688,
              -6.569154
            ]
          ]
        ]
      },
      "properties": {}
    },
    {
      "type": "Feature",
      "geometry": {
        "type": "Polygon",
        "coordinates": [
          [
            [
              106.319559,
              -6.180887
            ],
            [
              106.249969,
              -5.916402
            ],
            [
              106.413196,
              -5.241854
            ],
            [
              106.501302,
              -4.907198
            ],
            [
              106.656663,
              -4.74277
            ],
            [
              106.632522,
              -5.662261
            ],
            [
              106.517979,
              -6.083481
            ],
            [
              106.441599,
              -6.192439
            ]
          ]
        ]
      },
      "properties": {}
    },
    {
      "type": "Feature",
      "geometry": {
        "type": "Polygon",
        "coordinates": [
          [
            [
              106.447847,
              -6.226091
            ],
            [
              106.481897,
              -6.264821
            ],
            [
              106.642161,
              -6.255732
            ],
            [
              106.517979,
              -6.083481
            ],
            [
              106.441599,
              -6.192439
            ]
          ]
        ]
      },
      "properties": {}
    },
    {
      "type": "Feature",
      "geometry": {
        "type": "Polygon",
        "coordinates": [
          [
            [
              113.895461,
              -7.810342
            ],
            [
              114.049401,
              -7.943575
            ],
            [
              114.089578,
              -8.064959
            ],
            [
              114.038426,
              -8.164287
            ],
            [
              113.596747,
              -7.972122
            ]
          ]
        ]
      },
      "properties": {}
    },
    {
      "type": "Feature",
      "geometry": {
        "type": "Polygon",
        "coordinates": [
          [
            [
              108.276908,
              -7.022398
            ],
            [
              108.185836,
              -6.996036
            ],
            [
              108.010379,
              -7.146997
            ],
            [
              108.024433,
              -7.231337
            ],
            [
              108.085646,
              -7.264695
            ],
            [
              108.252957,
              -7.212974
            ]
          ]
        ]
      },
      "properties": {}
    },
    {
      "type": "Feature",
      "geometry": {
        "type": "Polygon",
        "coordinates": [
          [
            [
              107.872898,
              -7.502794
            ],
            [
              107.915653,
              -7.550274
            ],
            [
              108.006304,
              -7.553044
            ],
            [
              108.135519,
              -7.412032
            ],
            [
              108.085646,
              -7.264695
            ],
            [
              108.024433,
              -7.231337
            ],
            [
              107.858858,
              -7.371704
            ]
          ]
        ]
      },
      "properties": {}
    },
    {
      "type": "Feature",
      "geometry": {
        "type": "Polygon",
        "coordinates": [
          [
            [
              106.920692,
              -10.838187
            ],
            [
              107.0,
              -10.863739
            ],
            [
              107.507281,
              -10.865277
            ],
            [
              108.11769,
              -7.636153
            ],
            [
              108.006304,
              -7.553044
            ],
            [
              107.915653,
              -7.550274
            ]
          ]
        ]
      },
      "properties": {}
    },
    {
      "type": "Feature",
      "geometry": {
        "type": "Polygon",
        "coordinates": [
          [
            [
              108.298544,
              -7.642687
            ],
            [
              108.11769,
              -7.636153
            ],
            [
              107.507281,
              -10.865277
            ],
            [
              108.076096,
              -10.881146
            ],
            [
              108.319966,
              -7.661546
            ]
          ]
        ]
      },
      "properties": {}
    },
    {
      "type": "Feature",
      "geometry": {
        "type": "Polygon",
        "coordinates": [
          [
            [
              127.539319,
              -2.338122
            ],
            [
              126.042827,
              -1.909108
            ],
            [
              125.94324,
              -1.320829
            ],
            [
              127.993076,
              -0.904135
            ],
            [
              128.730429,
              -1.080772
            ],
            [
              128.780316,
              -1.679608
            ],
            [
              128.119659,
              -2.149511
            ]
          ]
        ]
      },
      "properties": {}
    },
    {
      "type": "Feature",
      "geometry": {
        "type": "Polygon",
        "coordinates": [
          [
            [
              140.157669,
              -6.536253
            ],
            [
              136.440125,
              -8.245124
            ],
            [
              136.577909,
              -7.3477
            ],
            [
              138.164262,
              -5.462002
            ],
            [
              139.547809,
              -5.265111
            ]
          ]
        ]
      },
      "properties": {}
    },
    {
      "type": "Feature",
      "geometry": {
        "type": "Polygon",
        "coordinates": [
          [
            [
              98.438547,
              2.292291
            ],
            [
              98.450555,
              1.687534
            ],
            [
              98.675087,
              1.794505
            ],
            [
              98.885365,
              2.316491
            ],
            [
              98.607105,
              2.413623
            ]
          ]
        ]
      },
      "properties": {}
    },
    {
      "type": "Feature",
      "geometry": {
        "type": "Polygon",
        "coordinates": [
          [
            [
              120.028111,
              -3.420568
            ],
            [
              119.982303,
              -2.798422
            ],
            [
              120.452764,
              -3.291648
            ],
            [
              120.042124,
              -3.429531
            ]
          ]
        ]
      },
      "properties": {}
    },
    {
      "type": "Feature",
      "geometry": {
        "type": "Polygon",
        "coordinates": [
          [
            [
              112.323162,
              -7.412522
            ],
            [
              112.114686,
              -7.343443
            ],
            [
              112.041771,
              -7.405203
            ],
            [
              111.965259,
              -7.549056
            ],
            [
              112.007072,
              -7.657136
            ],
            [
              112.386835,
              -7.758081
            ],
            [
              112.400129,
              -7.723116
            ]
          ]
        ]
      },
      "properties": {}
    },
    {
      "type": "Feature",
      "geometry": {
        "type": "Polygon",
        "coordinates": [
          [
            [
              124.45736,
              0.877975
            ],
            [
              124.420032,
              0.37387
            ],
            [
              124.208123,
              0.531541
            ],
            [
              124.115989,
              0.711546
            ],
            [
              124.191598,
              0.857537
            ]
          ]
        ]
      },
      "properties": {}
    },
    {
      "type": "Feature",
      "geometry": {
        "type": "Polygon",
        "coordinates": [
          [
            [
              95.318421,
              5.68471
            ],
            [
              94.524845,
              4.926482
            ],
            [
              92.787634,
              4.150608
            ],
            [
              92.510907,
              5.0
            ],
            [
              92.639197,
              7.0
            ],
            [
              92.751869,
              7.248131
            ],
            [
              93.0,
              7.42748
            ],
            [
              93.16749,
              7.471161
            ],
            [
              95.324865,
              5.697169
            ]
          ]
        ]
      },
      "properties": {}
    },
    {
      "type": "Feature",
      "geometry": {
        "type": "Polygon",
        "coordinates": [
          [
            [
              105.577966,
              -2.839894
            ],
            [
              104.126326,
              -3.066124
            ],
            [
              105.500146,
              -2.692295
            ]
          ]
        ]
      },
      "properties": {}
    },
    {
      "type": "Feature",
      "geometry": {
        "type": "Polygon",
        "coordinates": [
          [
            [
              100.121447,
              0.289755
            ],
            [
              99.781795,
              0.483915
            ],
            [
              99.665878,
              0.433484
            ],
            [
              99.564544,
              -0.237191
            ],
            [
              99.952216,
              -0.101041
            ]
          ]
        ]
      },
      "properties": {}
    },
    {
      "type": "Feature",
      "geometry": {
        "type": "Polygon",
        "coordinates": [
          [
            [
              114.706127,
              -2.615685
            ],
            [
              114.771146,
              -2.511789
            ],
            [
              115.47732,
              -2.28707
            ],
            [
              115.914437,
              -2.567448
            ],
            [
              115.579864,
              -4.001537
            ],
            [
              114.911879,
              -3.001433
            ]
          ]
        ]
      },
      "properties": {}
    },
    {
      "type": "Feature",
      "geometry": {
        "type": "Polygon",
        "coordinates": [
          [
            [
              123.68691,
              -7.05138
            ],
            [
              123.69399,
              -6.977467
            ],
            [
              124.058046,
              -7.681649
            ],
            [
              124.493646,
              -8.697581
            ],
            [
              124.499559,
              -8.729624
            ],
            [
              124.326008,
              -8.912015
            ],
            [
              123.884714,
              -8.895919
            ],
            [
              123.693876,
              -8.021086
            ]
          ]
        ]
      },
      "properties": {}
    },
    {
      "type": "Feature",
      "geometry": {
        "type": "Polygon",
        "coordinates": [
          [
            [
              105.577966,
              -2.839894
            ],
            [
              106.138079,
              -3.749805
            ],
            [
              105.781857,
              -3.853029
            ],
            [
              104.896168,
              -3.92619
            ],
            [
              104.30465,
              -3.705199
            ],
            [
              103.905747,
              -3.103395
            ],
            [
              104.126326,
              -3.066124
            ]
          ]
        ]
      },
      "properties": {}
    },
    {
      "type": "Feature",
      "geometry": {
        "type": "Polygon",
        "coordinates": [
          [
            [
              115.47732,
              -2.28707
            ],
            [
              115.914437,
              -2.567448
            ],
            [
              117.382579,
              -2.580524
            ],
            [
              116.348792,
              -1.303185
            ],
            [
              115.628082,
              -1.262164
            ],
            [
              115.602207,
              -1.299158
            ]
          ]
        ]
      },
      "properties": {}
    },
    {
      "type": "Feature",
      "geometry": {
        "type": "Polygon",
        "coordinates": [
          [
            [
              100.476171,
              -0.678533
            ],
            [
              100.435535,
              -0.686099
            ],
            [
              100.103419,
              -0.660549
            ],
            [
              100.246757,
              -0.357509
            ],
            [
              100.309618,
              -0.342984
            ],
            [
              100.496368,
              -0.624434
            ],
            [
              100.494903,
              -0.664483
            ]
          ]
        ]
      },
      "properties": {}
    },
    {
      "type": "Feature",
      "geometry": {
        "type": "Polygon",
        "coordinates": [
          [
            [
              120.166779,
              -1.075867
            ],
            [
              120.181363,
              -0.978855
            ],
            [
              119.937238,
              -0.759813
            ],
            [
              119.893572,
              -0.766459
            ],
            [
              119.84789,
              -1.058275
            ]
          ]
        ]
      },
      "properties": {}
    },
    {
      "type": "Feature",
      "geometry": {
        "type": "Polygon",
        "coordinates": [
          [
            [
              100.846968,
              -3.001645
            ],
            [
              100.821404,
              -3.909175
            ],
            [
              100.617171,
              -4.699536
            ],
            [
              96.822544,
              -7.99519
            ],
            [
              96.230354,
              -7.769646
            ],
            [
              95.850518,
              -7.0
            ],
            [
              95.569355,
              -6.054919
            ],
            [
              98.297672,
              -3.605886
            ],
            [
              100.266656,
              -2.256223
            ],
            [
              100.367151,
              -2.297576
            ]
          ]
        ]
      },
      "properties": {}
    },
    {
      "type": "Feature",
      "geometry": {
        "type": "Polygon",
        "coordinates": [
          [
            [
              96.427643,
              4.960437
            ],
            [
              96.24972,
              5.014455
            ],
            [
              96.157743,
              5.053907
            ],
            [
              95.94204,
              5.215969
            ],
            [
              96.520409,
              5.252478
            ],
            [
              96.486183,
              5.051079
            ]
          ]
        ]
      },
      "properties": {}
    },
    {
      "type": "Feature",
      "geometry": {
        "type": "Polygon",
        "coordinates": [
          [
            [
              100.635617,
              -1.014323
            ],
            [
              100.766728,
              -0.695484
            ],
            [
              100.982381,
              -0.891063
            ],
            [
              100.70365,
              -1.048725
            ]
          ]
        ]
      },
      "properties": {}
    },
    {
      "type": "Feature",
      "geometry": {
        "type": "Polygon",
        "coordinates": [
          [
            [
              124.208123,
              0.531541
            ],
            [
              123.544718,
              0.351313
            ],
            [
              123.476646,
              -0.126679
            ],
            [
              124.601515,
              -0.703922
            ],
            [
              125.033666,
              -0.64638
            ],
            [
              124.420032,
              0.37387
            ]
          ]
        ]
      },
      "properties": {}
    },
    {
      "type": "Feature",
      "geometry": {
        "type": "Polygon",
        "coordinates": [
          [
            [
              107.466186,
              -6.970656
            ],
            [
              107.373428,
              -7.041758
            ],
            [
              107.470656,
              -7.195045
            ],
            [
              107.483731,
              -7.191626
            ],
            [
              107.584264,
              -7.075666
            ],
            [
              107.562682,
              -6.9982
            ],
            [
              107.489473,
              -6.970756
            ]
          ]
        ]
      },
      "properties": {}
    },
    {
      "type": "Feature",
      "geometry": {
        "type": "Polygon",
        "coordinates": [
          [
            [
              110.422786,
              -7.894037
            ],
            [
              110.428515,
              -7.917702
            ],
            [
              110.132792,
              -8.303876
            ],
            [
              110.189181,
              -8.009333
            ],
            [
              110.212357,
              -7.972029
            ]
          ]
        ]
      },
      "properties": {}
    },
    {
      "type": "Feature",
      "geometry": {
        "type": "Polygon",
        "coordinates": [
          [
            [
              112.985164,
              -4.020025
            ],
            [
              111.535112,
              -4.475358
            ],
            [
              109.674165,
              -3.748359
            ],
            [
              109.671998,
              -3.580782
            ],
            [
              109.705686,
              -3.494549
            ],
            [
              111.992152,
              -1.290394
            ],
            [
              112.06737,
              -1.285154
            ],
            [
              112.958665,
              -3.156386
            ],
            [
              113.065045,
              -3.68457
            ]
          ]
        ]
      },
      "properties": {}
    },
    {
      "type": "Feature",
      "geometry": {
        "type": "Polygon",
        "coordinates": [
          [
            [
              109.99674,
              0.780958
            ],
            [
              109.705805,
              -0.987341
            ],
            [
              109.675108,
              -1.011838
            ],
            [
              107.608498,
              -0.295999
            ]
          ]
        ]
      },
      "properties": {}
    },
    {
      "type": "Feature",
      "geometry": {
        "type": "Polygon",
        "coordinates": [
          [
            [
              116.382468,
              -8.795657
            ],
            [
              116.107358,
              -8.790744
            ],
            [
              116.101333,
              -8.871776
            ],
            [
              116.400214,
              -8.845582
            ]
          ]
        ]
      },
      "properties": {}
    },
    {
      "type": "Feature",
      "geometry": {
        "type": "Polygon",
        "coordinates": [
          [
            [
              124.581704,
              1.192988
            ],
            [
              124.636844,
              1.074432
            ],
            [
              124.45736,
              0.877975
            ],
            [
              124.191598,
              0.857537
            ],
            [
              123.317323,
              2.736936
            ],
            [
              123.317227,
              2.764113
            ],
            [
              124.380162,
              1.443505
            ]
          ]
        ]
      },
      "properties": {}
    },
    {
      "type": "Feature",
      "geometry": {
        "type": "Polygon",
        "coordinates": [
          [
            [
              118.457875,
              -8.630829
            ],
            [
              118.491393,
              -8.600815
            ],
            [
              118.501067,
              -8.601476
            ],
            [
              118.817936,
              -8.759078
            ],
            [
              118.961713,
              -9.096568
            ],
            [
              118.325184,
              -9.431875
            ],
            [
              118.301979,
              -9.195952
            ]
          ]
        ]
      },
      "properties": {}
    },
    {
      "type": "Feature",
      "geometry": {
        "type": "Polygon",
        "coordinates": [
          [
            [
              98.691274,
              0.668329
            ],
            [
              98.633271,
              0.725852
            ],
            [
              98.348527,
              0.842787
            ],
            [
              98.272499,
              0.803347
            ],
            [
              94.458628,
              -2.383492
            ],
            [
              94.59597,
              -2.968062
            ],
            [
              96.260626,
              -2.138414
            ],
            [
              98.935372,
              -0.390798
            ]
          ]
        ]
      },
      "properties": {}
    },
    {
      "type": "Feature",
      "geometry": {
        "type": "Polygon",
        "coordinates": [
          [
            [
              119.590323,
              -3.218893
            ],
            [
              119.268561,
              -3.634069
            ],
            [
              119.26126,
              -3.621929
            ],
            [
              119.308172,
              -3.146945
            ],
            [
              119.558879,
              -3.166722
            ]
          ]
        ]
      },
      "properties": {}
    },
    {
      "type": "Feature",
      "geometry": {
        "type": "Polygon",
        "coordinates": [
          [
            [
              111.453599,
              -8.149588
            ],
            [
              111.109339,
              -7.993637
            ],
            [
              111.460453,
              -11.115432
            ],
            [
              111.498593,
              -11.110026
            ],
            [
              111.746989,
              -9.418952
            ],
            [
              111.602542,
              -8.515073
            ],
            [
              111.519656,
              -8.214096
            ]
          ]
        ]
      },
      "properties": {}
    },
    {
      "type": "Feature",
      "geometry": {
        "type": "Polygon",
        "coordinates": [
          [
            [
              109.485083,
              -5.955528
            ],
            [
              109.523881,
              -7.002111
            ],
            [
              109.376183,
              -7.113501
            ],
            [
              109.365087,
              -7.110264
            ],
            [
              109.249362,
              -6.894121
            ],
            [
              109.386596,
              -5.85514
            ]
          ]
        ]
      },
      "properties": {}
    },
    {
      "type": "Feature",
      "geometry": {
        "type": "Polygon",
        "coordinates": [
          [
            [
              108.635091,
              -7.506287
            ],
            [
              108.570884,
              -7.529651
            ],
            [
              108.496874,
              -7.631832
            ],
            [
              108.782761,
              -8.191567
            ],
            [
              108.835598,
              -7.658989
            ]
          ]
        ]
      },
      "properties": {}
    },
    {
      "type": "Feature",
      "geometry": {
        "type": "Polygon",
        "coordinates": [
          [
            [
              118.335738,
              -8.034616
            ],
            [
              117.936768,
              -8.474487
            ],
            [
              117.912579,
              -8.477307
            ],
            [
              117.779723,
              -8.459498
            ],
            [
              117.400922,
              -8.005962
            ],
            [
              117.065097,
              -7.208558
            ],
            [
              117.01187,
              -6.582833
            ],
            [
              117.331349,
              -5.919127
            ],
            [
              118.444831,
              -6.535298
            ],
            [
              118.673118,
              -6.708821
            ],
            [
              118.474317,
              -7.722318
            ]
          ]
        ]
      },
      "properties": {}
    },
    {
      "type": "Feature",
      "geometry": {
        "type": "Polygon",
        "coordinates": [
          [
            [
              100.616227,
              -1.01094
            ],
            [
              100.476171,
              -0.678533
            ],
            [
              100.435535,
              -0.686099
            ],
            [
              100.372235,
              -1.122239
            ]
          ]
        ]
      },
      "properties": {}
    },
    {
      "type": "Feature",
      "geometry": {
        "type": "Polygon",
        "coordinates": [
          [
            [
              98.090063,
              3.943118
            ],
            [
              97.532456,
              4.553248
            ],
            [
              97.411214,
              4.58234
            ],
            [
              97.355342,
              4.565897
            ],
            [
              97.276139,
              4.472192
            ],
            [
              97.264543,
              4.45464
            ],
            [
              97.572809,
              3.781835
            ]
          ]
        ]
      },
      "properties": {}
    },
    {
      "type": "Feature",
      "geometry": {
        "type": "Polygon",
        "coordinates": [
          [
            [
              110.428515,
              -7.917702
            ],
            [
              110.132792,
              -8.303876
            ],
            [
              109.3181,
              -10.943661
            ],
            [
              109.35154,
              -10.945973
            ],
            [
              110.5063,
              -8.034258
            ],
            [
              110.496958,
              -7.993361
            ]
          ]
        ]
      },
      "properties": {}
    },
    {
      "type": "Feature",
      "geometry": {
        "type": "Polygon",
        "coordinates": [
          [
            [
              107.773697,
              -7.517943
            ],
            [
              107.437657,
              -7.661181
            ],
            [
              107.378273,
              -7.711453
            ],
            [
              106.784615,
              -9.527586
            ],
            [
              106.520015,
              -10.729229
            ],
            [
              106.920692,
              -10.838187
            ],
            [
              107.915653,
              -7.550274
            ],
            [
              107.872898,
              -7.502794
            ]
          ]
        ]
      },
      "properties": {}
    },
    {
      "type": "Feature",
      "geometry": {
        "type": "Polygon",
        "coordinates": [
          [
            [
              120.565515,
              -0.196624
            ],
            [
              120.736144,
              -0.243551
            ],
            [
              120.743423,
              -0.24979
            ],
            [
              120.181363,
              -0.978855
            ],
            [
              119.937238,
              -0.759813
            ],
            [
              120.098313,
              -0.352591
            ],
            [
              120.105478,
              -0.342016
            ]
          ]
        ]
      },
      "properties": {}
    },
    {
      "type": "Feature",
      "geometry": {
        "type": "Polygon",
        "coordinates": [
          [
            [
              113.261815,
              -8.391264
            ],
            [
              113.605442,
              -8.27235
            ],
            [
              113.61712,
              -8.285283
            ],
            [
              113.265067,
              -11.229683
            ],
            [
              113.193799,
              -11.236293
            ],
            [
              113.083234,
              -8.858276
            ]
          ]
        ]
      },
      "properties": {}
    },
    {
      "type": "Feature",
      "geometry": {
        "type": "Polygon",
        "coordinates": [
          [
            [
              121.970195,
              -4.367042
            ],
            [
              122.179801,
              -4.551252
            ],
            [
              122.401708,
              -4.697677
            ],
            [
              122.901585,
              -4.29948
            ],
            [
              123.19417,
              -3.726559
            ],
            [
              122.732996,
              -3.774929
            ],
            [
              122.114027,
              -4.152303
            ],
            [
              121.98205,
              -4.321116
            ]
          ]
        ]
      },
      "properties": {}
    },
    {
      "type": "Feature",
      "geometry": {
        "type": "Polygon",
        "coordinates": [
          [
            [
              109.376183,
              -7.113501
            ],
            [
              109.464559,
              -7.334511
            ],
            [
              109.773513,
              -7.277356
            ],
            [
              109.834751,
              -7.166841
            ],
            [
              109.784077,
              -7.077648
            ],
            [
              109.523881,
              -7.002111
            ]
          ]
        ]
      },
      "properties": {}
    },
    {
      "type": "Feature",
      "geometry": {
        "type": "Polygon",
        "coordinates": [
          [
            [
              108.362183,
              -6.734355
            ],
            [
              108.396578,
              -6.635411
            ],
            [
              108.526574,
              -6.822077
            ],
            [
              108.518811,
              -7.012085
            ],
            [
              108.37535,
              -6.986031
            ],
            [
              108.337589,
              -6.805183
            ]
          ]
        ]
      },
      "properties": {}
    },
    {
      "type": "Feature",
      "geometry": {
        "type": "Polygon",
        "coordinates": [
          [
            [
              114.706127,
              -2.615685
            ],
            [
              114.771146,
              -2.511789
            ],
            [
              114.118844,
              -1.425104
            ],
            [
              112.958665,
              -3.156386
            ],
            [
              113.065045,
              -3.68457
            ]
          ]
        ]
      },
      "properties": {}
    },
    {
      "type": "Feature",
      "geometry": {
        "type": "Polygon",
        "coordinates": [
          [
            [
              102.988754,
              -3.967405
            ],
            [
              102.998284,
              -4.093261
            ],
            [
              103.216058,
              -4.304452
            ],
            [
              103.345549,
              -4.278839
            ],
            [
              103.460548,
              -4.015099
            ],
            [
              103.275911,
              -3.793819
            ],
            [
              103.042398,
              -3.878627
            ]
          ]
        ]
      },
      "properties": {}
    },
    {
      "type": "Feature",
      "geometry": {
        "type": "Polygon",
        "coordinates": [
          [
            [
              117.589317,
              -8.663143
            ],
            [
              117.779723,
              -8.459498
            ],
            [
              117.912579,
              -8.477307
            ],
            [
              117.816461,
              -9.256409
            ]
          ]
        ]
      },
      "properties": {}
    },
    {
      "type": "Feature",
      "geometry": {
        "type": "Polygon",
        "coordinates": [
          [
            [
              112.387356,
              -7.759673
            ],
            [
              112.371532,
              -7.93705
            ],
            [
              112.352544,
              -7.956395
            ],
            [
              112.329152,
              -7.969767
            ],
            [
              112.043799,
              -7.984425
            ],
            [
              111.949744,
              -7.876585
            ],
            [
              111.946911,
              -7.870381
            ],
            [
              111.96279,
              -7.792786
            ],
            [
              112.007072,
              -7.657136
            ],
            [
              112.386835,
              -7.758081
            ]
          ]
        ]
      },
      "properties": {}
    },
    {
      "type": "Feature",
      "geometry": {
        "type": "Polygon",
        "coordinates": [
          [
            [
              100.266484,
              0.319167
            ],
            [
              100.254202,
              0.304645
            ],
            [
              100.420939,
              0.071456
            ],
            [
              100.777368,
              0.388888
            ],
            [
              100.756028,
              0.505257
            ]
          ]
        ]
      },
      "properties": {}
    },
    {
      "type": "Feature",
      "geometry": {
        "type": "Polygon",
        "coordinates": [
          [
            [
              99.849359,
              1.14658
            ],
            [
              99.943832,
              1.13813
            ],
            [
              100.049624,
              1.244028
            ],
            [
              100.099077,
              1.671197
            ],
            [
              99.518311,
              1.890124
            ],
            [
              99.364942,
              1.734045
            ],
            [
              99.699474,
              1.224228
            ]
          ]
        ]
      },
      "properties": {}
    },
    {
      "type": "Feature",
      "geometry": {
        "type": "Polygon",
        "coordinates": [
          [
            [
              105.500146,
              -2.692295
            ],
            [
              104.975193,
              -1.674034
            ],
            [
              103.879521,
              -1.728747
            ],
            [
              103.73334,
              -2.743125
            ],
            [
              103.773894,
              -2.935636
            ],
            [
              103.905747,
              -3.103395
            ],
            [
              104.126326,
              -3.066124
            ]
          ]
        ]
      },
      "properties": {}
    },
    {
      "type": "Feature",
      "geometry": {
        "type": "Polygon",
        "coordinates": [
          [
            [
              119.541595,
              -1.08169
            ],
            [
              119.048168,
              -1.902728
            ],
            [
              118.140807,
              -1.600224
            ],
            [
              118.129647,
              -1.247644
            ],
            [
              118.427463,
              -0.37098
            ],
            [
              118.483212,
              -0.313891
            ],
            [
              118.641307,
              -0.364938
            ]
          ]
        ]
      },
      "properties": {}
    },
    {
      "type": "Feature",
      "geometry": {
        "type": "Polygon",
        "coordinates": [
          [
            [
              127.653545,
              0.495425
            ],
            [
              127.617092,
              -0.011794
            ],
            [
              127.422148,
              -0.13601
            ],
            [
              125.905412,
              -0.263669
            ],
            [
              125.908124,
              -0.241256
            ],
            [
              126.548002,
              0.468671
            ],
            [
              127.17068,
              0.54495
            ]
          ]
        ]
      },
      "properties": {}
    },
    {
      "type": "Feature",
      "geometry": {
        "type": "Polygon",
        "coordinates": [
          [
            [
              117.968795,
              -4.719028
            ],
            [
              118.060402,
              -4.686555
            ],
            [
              119.061689,
              -3.376233
            ],
            [
              119.00628,
              -3.266617
            ],
            [
              117.541213,
              -3.397258
            ],
            [
              117.431505,
              -4.894768
            ]
          ]
        ]
      },
      "properties": {}
    },
    {
      "type": "Feature",
      "geometry": {
        "type": "Polygon",
        "coordinates": [
          [
            [
              100.311684,
              3.269698
            ],
            [
              99.491092,
              2.215514
            ],
            [
              99.083095,
              2.291973
            ],
            [
              98.989309,
              2.348844
            ],
            [
              99.041252,
              2.681069
            ]
          ]
        ]
      },
      "properties": {}
    },
    {
      "type": "Feature",
      "geometry": {
        "type": "Polygon",
        "coordinates": [
          [
            [
              121.707629,
              -4.529288
            ],
            [
              121.151709,
              -4.917891
            ],
            [
              121.164549,
              -5.046273
            ],
            [
              121.4504,
              -5.576834
            ],
            [
              122.179801,
              -4.551252
            ],
            [
              121.970195,
              -4.367042
            ]
          ]
        ]
      },
      "properties": {}
    },
    {
      "type": "Feature",
      "geometry": {
        "type": "Polygon",
        "coordinates": [
          [
            [
              120.30965,
              -1.517457
            ],
            [
              120.390865,
              -1.593398
            ],
            [
              121.083384,
              -1.55132
            ],
            [
              121.027492,
              -1.420255
            ],
            [
              120.314612,
              -1.420255
            ]
          ]
        ]
      },
      "properties": {}
    },
    {
      "type": "Feature",
      "geometry": {
        "type": "Polygon",
        "coordinates": [
          [
            [
              111.609577,
              -7.779785
            ],
            [
              111.433267,
              -7.752774
            ],
            [
              111.377403,
              -7.793374
            ],
            [
              111.453599,
              -8.149588
            ],
            [
              111.519656,
              -8.214096
            ],
            [
              111.65899,
              -7.924069
            ]
          ]
        ]
      },
      "properties": {}
    },
    {
      "type": "Feature",
      "geometry": {
        "type": "Polygon",
        "coordinates": [
          [
            [
              113.024683,
              -8.038722
            ],
            [
              112.870721,
              -8.298089
            ],
            [
              112.657864,
              -8.19857
            ],
            [
              112.627154,
              -8.086745
            ],
            [
              112.800326,
              -7.842745
            ],
            [
              112.800918,
              -7.842558
            ]
          ]
        ]
      },
      "properties": {}
    },
    {
      "type": "Feature",
      "geometry": {
        "type": "Polygon",
        "coordinates": [
          [
            [
              105.577966,
              -2.839894
            ],
            [
              106.138079,
              -3.749805
            ],
            [
              106.363054,
              -3.81169
            ],
            [
              107.344498,
              -1.311491
            ],
            [
              107.116158,
              -0.262563
            ],
            [
              106.811281,
              0.026415
            ],
            [
              104.975193,
              -1.674034
            ],
            [
              105.500146,
              -2.692295
            ]
          ]
        ]
      },
      "properties": {}
    },
    {
      "type": "Feature",
      "geometry": {
        "type": "Polygon",
        "coordinates": [
          [
            [
              120.028111,
              -3.420568
            ],
            [
              119.88654,
              -3.401463
            ],
            [
              119.291979,
              -3.899124
            ],
            [
              119.250012,
              -4.07674
            ],
            [
              119.560055,
              -4.114192
            ],
            [
              119.676801,
              -4.082718
            ],
            [
              120.075342,
              -3.850542
            ],
            [
              120.042124,
              -3.429531
            ]
          ]
        ]
      },
      "properties": {}
    },
    {
      "type": "Feature",
      "geometry": {
        "type": "Polygon",
        "coordinates": [
          [
            [
              100.496368,
              -0.624434
            ],
            [
              100.309618,
              -0.342984
            ],
            [
              100.527242,
              -0.275816
            ]
          ]
        ]
      },
      "properties": {}
    },
    {
      "type": "Feature",
      "geometry": {
        "type": "Polygon",
        "coordinates": [
          [
            [
              112.580586,
              -7.575507
            ],
            [
              112.77281,
              -7.832185
            ],
            [
              112.387356,
              -7.759673
            ],
            [
              112.386835,
              -7.758081
            ],
            [
              112.400129,
              -7.723116
            ]
          ]
        ]
      },
      "properties": {}
    },
    {
      "type": "Feature",
      "geometry": {
        "type": "Polygon",
        "coordinates": [
          [
            [
              111.093441,
              -7.981846
            ],
            [
              111.109339,
              -7.993637
            ],
            [
              111.460453,
              -11.115432
            ],
            [
              111.0,
              -11.187892
            ],
            [
              110.118562,
              -11.022416
            ],
            [
              110.712635,
              -8.64746
            ],
            [
              110.989165,
              -8.028395
            ]
          ]
        ]
      },
      "properties": {}
    },
    {
      "type": "Feature",
      "geometry": {
        "type": "Polygon",
        "coordinates": [
          [
            [
              105.319916,
              -6.221126
            ],
            [
              105.104254,
              -6.324009
            ],
            [
              105.06689,
              -6.338584
            ],
            [
              104.920693,
              -5.805232
            ],
            [
              105.042784,
              -5.513546
            ],
            [
              105.311386,
              -5.58547
            ],
            [
              105.357433,
              -5.605892
            ],
            [
              105.387998,
              -6.135611
            ]
          ]
        ]
      },
      "properties": {}
    },
    {
      "type": "Feature",
      "geometry": {
        "type": "Polygon",
        "coordinates": [
          [
            [
              104.11152,
              -5.178435
            ],
            [
              104.191799,
              -5.350392
            ],
            [
              103.168244,
              -6.434308
            ],
            [
              103.156715,
              -5.851646
            ],
            [
              104.099949,
              -5.17678
            ]
          ]
        ]
      },
      "properties": {}
    },
    {
      "type": "Feature",
      "geometry": {
        "type": "Polygon",
        "coordinates": [
          [
            [
              100.221532,
              -1.245866
            ],
            [
              99.883729,
              -1.418835
            ],
            [
              99.885851,
              -1.43133
            ],
            [
              100.107628,
              -1.7424
            ],
            [
              100.738627,
              -1.494016
            ],
            [
              100.584903,
              -1.347612
            ],
            [
              100.481474,
              -1.264009
            ]
          ]
        ]
      },
      "properties": {}
    },
    {
      "type": "Feature",
      "geometry": {
        "type": "Polygon",
        "coordinates": [
          [
            [
              110.732864,
              -7.921383
            ],
            [
              110.758705,
              -7.899034
            ],
            [
              110.989165,
              -8.028395
            ],
            [
              110.712635,
              -8.64746
            ],
            [
              110.688706,
              -8.015591
            ]
          ]
        ]
      },
      "properties": {}
    },
    {
      "type": "Feature",
      "geometry": {
        "type": "Polygon",
        "coordinates": [
          [
            [
              113.024683,
              -8.038722
            ],
            [
              112.870721,
              -8.298089
            ],
            [
              113.083234,
              -8.858276
            ],
            [
              113.261815,
              -8.391264
            ],
            [
              113.274681,
              -8.287557
            ],
            [
              113.038347,
              -8.035258
            ]
          ]
        ]
      },
      "properties": {}
    },
    {
      "type": "Feature",
      "geometry": {
        "type": "Polygon",
        "coordinates": [
          [
            [
              101.826606,
              0.522998
            ],
            [
              102.843815,
              1.581726
            ],
            [
              103.094501,
              1.7189
            ],
            [
              103.138083,
              1.532379
            ],
            [
              102.636061,
              0.098033
            ],
            [
              101.865647,
              -0.077667
            ],
            [
              101.741088,
              0.075001
            ]
          ]
        ]
      },
      "properties": {}
    },
    {
      "type": "Feature",
      "geometry": {
        "type": "Polygon",
        "coordinates": [
          [
            [
              96.95879,
              4.995421
            ],
            [
              96.604567,
              5.662046
            ],
            [
              96.520409,
              5.252478
            ],
            [
              96.486183,
              5.051079
            ]
          ]
        ]
      },
      "properties": {}
    },
    {
      "type": "Feature",
      "geometry": {
        "type": "Polygon",
        "coordinates": [
          [
            [
              120.543899,
              -7.828494
            ],
            [
              121.039531,
              -7.874257
            ],
            [
              121.064008,
              -7.8692
            ],
            [
              121.189627,
              -7.818834
            ],
            [
              121.636555,
              -7.501612
            ],
            [
              122.141708,
              -7.01869
            ],
            [
              122.162283,
              -6.978377
            ],
            [
              121.724639,
              -6.43562
            ],
            [
              119.376649,
              -6.768414
            ],
            [
              119.177108,
              -6.877432
            ],
            [
              119.565033,
              -7.418454
            ],
            [
              120.249439,
              -7.768445
            ]
          ]
        ]
      },
      "properties": {}
    },
    {
      "type": "Feature",
      "geometry": {
        "type": "Polygon",
        "coordinates": [
          [
            [
              106.488909,
              -7.012561
            ],
            [
              106.637561,
              -6.95556
            ],
            [
              106.638549,
              -6.927249
            ],
            [
              106.56649,
              -6.867869
            ],
            [
              106.514811,
              -6.854509
            ]
          ]
        ]
      },
      "properties": {}
    },
    {
      "type": "Feature",
      "geometry": {
        "type": "Polygon",
        "coordinates": [
          [
            [
              123.29431,
              2.888687
            ],
            [
              122.750262,
              3.835193
            ],
            [
              125.681625,
              3.72514
            ],
            [
              126.740813,
              2.671436
            ],
            [
              126.70983,
              2.589114
            ],
            [
              126.559445,
              2.487177
            ],
            [
              123.934007,
              2.608879
            ]
          ]
        ]
      },
      "properties": {}
    },
    {
      "type": "Feature",
      "geometry": {
        "type": "Polygon",
        "coordinates": [
          [
            [
              105.06689,
              -6.338584
            ],
            [
              104.782494,
              -6.614056
            ],
            [
              102.927626,
              -8.246686
            ],
            [
              103.067265,
              -7.586925
            ],
            [
              104.365674,
              -5.828091
            ],
            [
              104.611457,
              -5.684615
            ],
            [
              104.633908,
              -5.681389
            ],
            [
              104.920693,
              -5.805232
            ]
          ]
        ]
      },
      "properties": {}
    },
    {
      "type": "Feature",
      "geometry": {
        "type": "Polygon",
        "coordinates": [
          [
            [
              101.203188,
              -1.178178
            ],
            [
              101.215898,
              -1.187725
            ],
            [
              101.230279,
              -1.316063
            ],
            [
              101.012813,
              -1.759217
            ],
            [
              100.788322,
              -1.475988
            ],
            [
              100.827346,
              -1.332985
            ]
          ]
        ]
      },
      "properties": {}
    },
    {
      "type": "Feature",
      "geometry": {
        "type": "Polygon",
        "coordinates": [
          [
            [
              106.754212,
              -6.26531
            ],
            [
              106.818106,
              -6.29489
            ],
            [
              106.70575,
              -6.379214
            ],
            [
              106.686661,
              -6.37111
            ],
            [
              106.664833,
              -6.348899
            ],
            [
              106.655264,
              -6.26531
            ]
          ]
        ]
      },
      "properties": {}
    },
    {
      "type": "Feature",
      "geometry": {
        "type": "Polygon",
        "coordinates": [
          [
            [
              113.045235,
              -6.711757
            ],
            [
              113.358862,
              -7.058577
            ],
            [
              113.390257,
              -7.491737
            ],
            [
              113.095375,
              -7.478649
            ],
            [
              113.046995,
              -7.3641
            ],
            [
              112.981714,
              -7.086916
            ]
          ]
        ]
      },
      "properties": {}
    },
    {
      "type": "Feature",
      "geometry": {
        "type": "Polygon",
        "coordinates": [
          [
            [
              99.045537,
              1.771934
            ],
            [
              99.236721,
              1.678621
            ],
            [
              99.364942,
              1.734045
            ],
            [
              99.518311,
              1.890124
            ],
            [
              99.491092,
              2.215514
            ],
            [
              99.083095,
              2.291973
            ]
          ]
        ]
      },
      "properties": {}
    },
    {
      "type": "Feature",
      "geometry": {
        "type": "Polygon",
        "coordinates": [
          [
            [
              120.314612,
              -1.420255
            ],
            [
              121.027492,
              -1.420255
            ],
            [
              120.87611,
              -1.065147
            ],
            [
              120.319681,
              -1.320712
            ]
          ]
        ]
      },
      "properties": {}
    },
    {
      "type": "Feature",
      "geometry": {
        "type": "Polygon",
        "coordinates": [
          [
            [
              120.563955,
              -2.147126
            ],
            [
              120.917072,
              -2.093448
            ],
            [
              121.108628,
              -1.577779
            ],
            [
              121.083384,
              -1.55132
            ],
            [
              120.390865,
              -1.593398
            ]
          ]
        ]
      },
      "properties": {}
    },
    {
      "type": "Feature",
      "geometry": {
        "type": "Polygon",
        "coordinates": [
          [
            [
              106.741203,
              -6.11655
            ],
            [
              106.906122,
              -6.20745
            ],
            [
              106.911373,
              -6.170285
            ],
            [
              106.73464,
              -6.034618
            ]
          ]
        ]
      },
      "properties": {}
    },
    {
      "type": "Feature",
      "geometry": {
        "type": "Polygon",
        "coordinates": [
          [
            [
              100.311684,
              3.269698
            ],
            [
              99.041252,
              2.681069
            ],
            [
              98.954455,
              2.749882
            ],
            [
              98.973951,
              3.276986
            ],
            [
              101.056745,
              3.929871
            ]
          ]
        ]
      },
      "properties": {}
    },
    {
      "type": "Feature",
      "geometry": {
        "type": "Polygon",
        "coordinates": [
          [
            [
              120.042124,
              -3.429531
            ],
            [
              120.075342,
              -3.850542
            ],
            [
              120.438338,
              -4.111744
            ],
            [
              120.765983,
              -4.243862
            ],
            [
              120.804654,
              -4.015143
            ],
            [
              120.525568,
              -3.269074
            ],
            [
              120.452764,
              -3.291648
            ]
          ]
        ]
      },
      "properties": {}
    },
    {
      "type": "Feature",
      "geometry": {
        "type": "Polygon",
        "coordinates": [
          [
            [
              111.65899,
              -7.924069
            ],
            [
              111.519656,
              -8.214096
            ],
            [
              111.602542,
              -8.515073
            ],
            [
              111.949744,
              -7.876585
            ],
            [
              111.946911,
              -7.870381
            ]
          ]
        ]
      },
      "properties": {}
    },
    {
      "type": "Feature",
      "geometry": {
        "type": "Polygon",
        "coordinates": [
          [
            [
              128.869887,
              -6.95061
            ],
            [
              127.693002,
              -5.74568
            ],
            [
              127.598791,
              -5.705268
            ],
            [
              126.005165,
              -5.473446
            ],
            [
              125.291991,
              -6.250591
            ],
            [
              125.32304,
              -6.51204
            ],
            [
              126.029528,
              -9.027568
            ],
            [
              127.03353,
              -10.376923
            ],
            [
              127.577046,
              -10.867751
            ],
            [
              128.829173,
              -10.541561
            ]
          ]
        ]
      },
      "properties": {}
    },
    {
      "type": "Feature",
      "geometry": {
        "type": "Polygon",
        "coordinates": [
          [
            [
              130.348306,
              0.035967
            ],
            [
              131.270731,
              -0.413162
            ],
            [
              130.581083,
              -1.08056
            ],
            [
              130.553826,
              -1.072268
            ],
            [
              130.371457,
              -0.834263
            ]
          ]
        ]
      },
      "properties": {}
    },
    {
      "type": "Feature",
      "geometry": {
        "type": "Polygon",
        "coordinates": [
          [
            [
              101.183186,
              -2.289863
            ],
            [
              100.524053,
              -2.221954
            ],
            [
              101.032927,
              -1.831368
            ],
            [
              101.034259,
              -1.831735
            ],
            [
              101.266143,
              -2.126476
            ],
            [
              101.28553,
              -2.228512
            ]
          ]
        ]
      },
      "properties": {}
    },
    {
      "type": "Feature",
      "geometry": {
        "type": "Polygon",
        "coordinates": [
          [
            [
              119.678675,
              -1.093038
            ],
            [
              119.541595,
              -1.08169
            ],
            [
              119.048168,
              -1.902728
            ],
            [
              119.155903,
              -1.957886
            ],
            [
              119.46057,
              -2.098438
            ],
            [
              119.649122,
              -1.874197
            ],
            [
              119.754665,
              -1.379486
            ]
          ]
        ]
      },
      "properties": {}
    },
    {
      "type": "Feature",
      "geometry": {
        "type": "Polygon",
        "coordinates": [
          [
            [
              102.028074,
              -0.869227
            ],
            [
              101.852812,
              -0.274434
            ],
            [
              101.865647,
              -0.077667
            ],
            [
              102.636061,
              0.098033
            ],
            [
              103.180903,
              -1.135976
            ],
            [
              102.056428,
              -0.913249
            ]
          ]
        ]
      },
      "properties": {}
    },
    {
      "type": "Feature",
      "geometry": {
        "type": "Polygon",
        "coordinates": [
          [
            [
              100.96532,
              0.993362
            ],
            [
              100.049624,
              1.244028
            ],
            [
              100.099077,
              1.671197
            ],
            [
              100.783594,
              2.394692
            ],
            [
              101.082765,
              1.145569
            ],
            [
              101.027454,
              1.0359
            ]
          ]
        ]
      },
      "properties": {}
    },
    {
      "type": "Feature",
      "geometry": {
        "type": "Polygon",
        "coordinates": [
          [
            [
              121.130601,
              -3.086585
            ],
            [
              121.340991,
              -3.35155
            ],
            [
              121.686875,
              -3.461682
            ],
            [
              121.733034,
              -3.43842
            ],
            [
              122.020234,
              -2.906675
            ],
            [
              121.702065,
              -2.671198
            ],
            [
              121.218758,
              -2.956613
            ]
          ]
        ]
      },
      "properties": {}
    },
    {
      "type": "Feature",
      "geometry": {
        "type": "Polygon",
        "coordinates": [
          [
            [
              135.074888,
              -1.936439
            ],
            [
              134.069121,
              -2.209765
            ],
            [
              133.678944,
              -1.93302
            ],
            [
              134.211781,
              -1.180625
            ],
            [
              134.91384,
              -1.038034
            ],
            [
              135.147966,
              -1.506182
            ]
          ]
        ]
      },
      "properties": {}
    },
    {
      "type": "Feature",
      "geometry": {
        "type": "Polygon",
        "coordinates": [
          [
            [
              102.828398,
              -3.512219
            ],
            [
              102.724102,
              -3.314922
            ],
            [
              102.523574,
              -3.173102
            ],
            [
              102.438609,
              -3.268278
            ],
            [
              102.421693,
              -3.47965
            ],
            [
              102.66702,
              -3.548626
            ],
            [
              102.779336,
              -3.545245
            ]
          ]
        ]
      },
      "properties": {}
    },
    {
      "type": "Feature",
      "geometry": {
        "type": "Polygon",
        "coordinates": [
          [
            [
              100.311684,
              3.269698
            ],
            [
              99.491092,
              2.215514
            ],
            [
              99.518311,
              1.890124
            ],
            [
              100.099077,
              1.671197
            ],
            [
              100.783594,
              2.394692
            ],
            [
              101.18571,
              4.013001
            ],
            [
              101.056745,
              3.929871
            ]
          ]
        ]
      },
      "properties": {}
    },
    {
      "type": "Feature",
      "geometry": {
        "type": "Polygon",
        "coordinates": [
          [
            [
              124.165679,
              -11.257613
            ],
            [
              124.629176,
              -12.070476
            ],
            [
              123.993052,
              -12.252647
            ],
            [
              122.583724,
              -10.076216
            ],
            [
              122.630694,
              -9.866319
            ],
            [
              123.601998,
              -10.696288
            ]
          ]
        ]
      },
      "properties": {}
    },
    {
      "type": "Feature",
      "geometry": {
        "type": "Polygon",
        "coordinates": [
          [
            [
              120.396989,
              -8.574117
            ],
            [
              120.732479,
              -8.67995
            ],
            [
              121.039531,
              -7.874257
            ],
            [
              120.543899,
              -7.828494
            ]
          ]
        ]
      },
      "properties": {}
    },
    {
      "type": "Feature",
      "geometry": {
        "type": "Polygon",
        "coordinates": [
          [
            [
              103.346867,
              -2.832787
            ],
            [
              103.73334,
              -2.743125
            ],
            [
              103.879521,
              -1.728747
            ],
            [
              103.815654,
              -1.67465
            ],
            [
              102.359932,
              -2.740304
            ],
            [
              102.522958,
              -2.904507
            ]
          ]
        ]
      },
      "properties": {}
    },
    {
      "type": "Feature",
      "geometry": {
        "type": "Polygon",
        "coordinates": [
          [
            [
              122.583724,
              -10.076216
            ],
            [
              123.993052,
              -12.252647
            ],
            [
              123.0,
              -12.559517
            ],
            [
              122.000305,
              -12.242457
            ]
          ]
        ]
      },
      "properties": {}
    },
    {
      "type": "Feature",
      "geometry": {
        "type": "Polygon",
        "coordinates": [
          [
            [
              100.288416,
              0.676658
            ],
            [
              100.897696,
              0.859761
            ],
            [
              100.756028,
              0.505257
            ],
            [
              100.266484,
              0.319167
            ]
          ]
        ]
      },
      "properties": {}
    },
    {
      "type": "Feature",
      "geometry": {
        "type": "Polygon",
        "coordinates": [
          [
            [
              100.288416,
              0.676658
            ],
            [
              99.954855,
              0.952197
            ],
            [
              99.943832,
              1.13813
            ],
            [
              100.049624,
              1.244028
            ],
            [
              100.96532,
              0.993362
            ],
            [
              100.901094,
              0.864344
            ],
            [
              100.897696,
              0.859761
            ]
          ]
        ]
      },
      "properties": {}
    },
    {
      "type": "Feature",
      "geometry": {
        "type": "Polygon",
        "coordinates": [
          [
            [
              106.494392,
              -7.282092
            ],
            [
              106.534205,
              -7.35582
            ],
            [
              106.489289,
              -7.503206
            ],
            [
              106.478553,
              -7.282254
            ]
          ]
        ]
      },
      "properties": {}
    },
    {
      "type": "Feature",
      "geometry": {
        "type": "Polygon",
        "coordinates": [
          [
            [
              98.588104,
              2.828824
            ],
            [
              98.954455,
              2.749882
            ],
            [
              98.973951,
              3.276986
            ],
            [
              98.854053,
              3.277118
            ],
            [
              98.840897,
              3.272884
            ],
            [
              98.739741,
              3.161744
            ]
          ]
        ]
      },
      "properties": {}
    },
    {
      "type": "Feature",
      "geometry": {
        "type": "Polygon",
        "coordinates": [
          [
            [
              117.589317,
              -8.663143
            ],
            [
              117.345406,
              -8.748087
            ],
            [
              117.598748,
              -10.673488
            ],
            [
              117.926025,
              -9.986831
            ],
            [
              117.816461,
              -9.256409
            ]
          ]
        ]
      },
      "properties": {}
    },
    {
      "type": "Feature",
      "geometry": {
        "type": "Polygon",
        "coordinates": [
          [
            [
              98.581927,
              2.825562
            ],
            [
              98.546919,
              2.714116
            ],
            [
              98.607105,
              2.413623
            ],
            [
              98.885365,
              2.316491
            ],
            [
              98.989309,
              2.348844
            ],
            [
              99.041252,
              2.681069
            ],
            [
              98.954455,
              2.749882
            ],
            [
              98.588104,
              2.828824
            ]
          ]
        ]
      },
      "properties": {}
    },
    {
      "type": "Feature",
      "geometry": {
        "type": "Polygon",
        "coordinates": [
          [
            [
              115.100003,
              -8.381459
            ],
            [
              115.100957,
              -8.377239
            ],
            [
              115.019362,
              -8.23014
            ],
            [
              114.975242,
              -8.198248
            ],
            [
              114.805465,
              -8.329191
            ],
            [
              114.555516,
              -9.012857
            ],
            [
              114.905027,
              -8.729809
            ]
          ]
        ]
      },
      "properties": {}
    },
    {
      "type": "Feature",
      "geometry": {
        "type": "Polygon",
        "coordinates": [
          [
            [
              113.095375,
              -7.478649
            ],
            [
              113.056899,
              -7.518351
            ],
            [
              113.130574,
              -7.911806
            ],
            [
              113.476666,
              -7.843064
            ],
            [
              113.489679,
              -7.536925
            ],
            [
              113.390257,
              -7.491737
            ]
          ]
        ]
      },
      "properties": {}
    },
    {
      "type": "Feature",
      "geometry": {
        "type": "Polygon",
        "coordinates": [
          [
            [
              95.405575,
              5.719721
            ],
            [
              96.267307,
              6.2701
            ],
            [
              95.941756,
              5.53387
            ],
            [
              95.602693,
              5.44162
            ],
            [
              95.492255,
              5.483854
            ]
          ]
        ]
      },
      "properties": {}
    },
    {
      "type": "Feature",
      "geometry": {
        "type": "Polygon",
        "coordinates": [
          [
            [
              106.065317,
              -6.435966
            ],
            [
              106.026068,
              -6.615805
            ],
            [
              106.096221,
              -6.629295
            ],
            [
              106.15617,
              -6.539112
            ],
            [
              106.074278,
              -6.433834
            ]
          ]
        ]
      },
      "properties": {}
    },
    {
      "type": "Feature",
      "geometry": {
        "type": "Polygon",
        "coordinates": [
          [
            [
              110.266578,
              -7.706897
            ],
            [
              110.214823,
              -7.762292
            ],
            [
              110.115901,
              -7.770855
            ],
            [
              109.898239,
              -7.635318
            ],
            [
              110.037601,
              -7.54967
            ]
          ]
        ]
      },
      "properties": {}
    },
    {
      "type": "Feature",
      "geometry": {
        "type": "Polygon",
        "coordinates": [
          [
            [
              109.99674,
              0.780958
            ],
            [
              110.550716,
              1.553294
            ],
            [
              111.085625,
              -0.783073
            ],
            [
              109.705805,
              -0.987341
            ]
          ]
        ]
      },
      "properties": {}
    },
    {
      "type": "Feature",
      "geometry": {
        "type": "Polygon",
        "coordinates": [
          [
            [
              120.199977,
              -1.168531
            ],
            [
              120.319681,
              -1.320712
            ],
            [
              120.87611,
              -1.065147
            ],
            [
              121.006902,
              -0.363802
            ],
            [
              120.743423,
              -0.24979
            ],
            [
              120.181363,
              -0.978855
            ],
            [
              120.166779,
              -1.075867
            ]
          ]
        ]
      },
      "properties": {}
    },
    {
      "type": "Feature",
      "geometry": {
        "type": "Polygon",
        "coordinates": [
          [
            [
              95.754077,
              4.848256
            ],
            [
              95.738871,
              5.034669
            ],
            [
              95.360605,
              5.137774
            ],
            [
              95.206271,
              5.132476
            ],
            [
              94.524845,
              4.926482
            ],
            [
              92.787634,
              4.150608
            ],
            [
              92.8521,
              3.748752
            ],
            [
              95.457526,
              4.726994
            ]
          ]
        ]
      },
      "properties": {}
    },
    {
      "type": "Feature",
      "geometry": {
        "type": "Polygon",
        "coordinates": [
          [
            [
              99.952216,
              -0.101041
            ],
            [
              99.564544,
              -0.237191
            ],
            [
              99.342647,
              -0.513045
            ],
            [
              99.63567,
              -0.897912
            ],
            [
              99.648981,
              -0.910436
            ],
            [
              100.072135,
              -0.675181
            ],
            [
              100.045256,
              -0.141954
            ]
          ]
        ]
      },
      "properties": {}
    },
    {
      "type": "Feature",
      "geometry": {
        "type": "Polygon",
        "coordinates": [
          [
            [
              138.86825,
              -3.035353
            ],
            [
              138.851201,
              -3.035995
            ],
            [
              138.570856,
              1.856977
            ],
            [
              139.30498,
              3.713602
            ],
            [
              140.000189,
              3.0
            ],
            [
              140.918589,
              1.58263
            ],
            [
              140.613097,
              0.549772
            ]
          ]
        ]
      },
      "properties": {}
    },
    {
      "type": "Feature",
      "geometry": {
        "type": "Polygon",
        "coordinates": [
          [
            [
              129.964522,
              -6.509302
            ],
            [
              134.203247,
              -10.293878
            ],
            [
              133.0,
              -10.833973
            ],
            [
              131.0,
              -11.066964
            ],
            [
              129.0,
              -10.635216
            ],
            [
              128.829173,
              -10.541561
            ],
            [
              128.869887,
              -6.95061
            ]
          ]
        ]
      },
      "properties": {}
    },
    {
      "type": "Feature",
      "geometry": {
        "type": "Polygon",
        "coordinates": [
          [
            [
              106.136873,
              -6.194636
            ],
            [
              106.09158,
              -6.222344
            ],
            [
              106.054602,
              -6.199732
            ],
            [
              106.064592,
              -6.093051
            ],
            [
              106.153204,
              -6.029418
            ]
          ]
        ]
      },
      "properties": {}
    },
    {
      "type": "Feature",
      "geometry": {
        "type": "Polygon",
        "coordinates": [
          [
            [
              122.150096,
              -9.586531
            ],
            [
              121.530699,
              -9.642002
            ],
            [
              120.369977,
              -11.95486
            ],
            [
              121.0,
              -12.286366
            ],
            [
              122.000305,
              -12.242457
            ],
            [
              122.583724,
              -10.076216
            ],
            [
              122.630694,
              -9.866319
            ],
            [
              122.595767,
              -9.680659
            ]
          ]
        ]
      },
      "properties": {}
    },
    {
      "type": "Feature",
      "geometry": {
        "type": "Polygon",
        "coordinates": [
          [
            [
              99.127798,
              1.261099
            ],
            [
              99.236721,
              1.678621
            ],
            [
              99.364942,
              1.734045
            ],
            [
              99.699474,
              1.224228
            ]
          ]
        ]
      },
      "properties": {}
    },
    {
      "type": "Feature",
      "geometry": {
        "type": "Polygon",
        "coordinates": [
          [
            [
              99.564544,
              -0.237191
            ],
            [
              99.665878,
              0.433484
            ],
            [
              99.006968,
              0.656481
            ],
            [
              98.691274,
              0.668329
            ],
            [
              98.935372,
              -0.390798
            ],
            [
              99.342647,
              -0.513045
            ]
          ]
        ]
      },
      "properties": {}
    },
    {
      "type": "Feature",
      "geometry": {
        "type": "Polygon",
        "coordinates": [
          [
            [
              119.678675,
              -1.093038
            ],
            [
              119.754665,
              -1.379486
            ],
            [
              120.199977,
              -1.168531
            ],
            [
              120.166779,
              -1.075867
            ],
            [
              119.84789,
              -1.058275
            ],
            [
              119.686177,
              -1.086242
            ]
          ]
        ]
      },
      "properties": {}
    },
    {
      "type": "Feature",
      "geometry": {
        "type": "Polygon",
        "coordinates": [
          [
            [
              109.365031,
              -7.524085
            ],
            [
              109.202828,
              -8.154504
            ],
            [
              109.045759,
              -7.509992
            ],
            [
              109.116167,
              -7.461806
            ]
          ]
        ]
      },
      "properties": {}
    },
    {
      "type": "Feature",
      "geometry": {
        "type": "Polygon",
        "coordinates": [
          [
            [
              107.258095,
              -6.776301
            ],
            [
              107.244479,
              -6.777146
            ],
            [
              107.18657,
              -6.839165
            ],
            [
              107.225872,
              -6.94286
            ],
            [
              107.229364,
              -6.944662
            ]
          ]
        ]
      },
      "properties": {}
    },
    {
      "type": "Feature",
      "geometry": {
        "type": "Polygon",
        "coordinates": [
          [
            [
              110.407912,
              -7.492443
            ],
            [
              110.532562,
              -7.499206
            ],
            [
              110.665124,
              -7.394153
            ],
            [
              110.678385,
              -7.383582
            ],
            [
              110.584523,
              -7.210697
            ],
            [
              110.37052,
              -7.432056
            ]
          ]
        ]
      },
      "properties": {}
    },
    {
      "type": "Feature",
      "geometry": {
        "type": "Polygon",
        "coordinates": [
          [
            [
              107.078069,
              -7.05151
            ],
            [
              107.040793,
              -7.153692
            ],
            [
              107.05224,
              -7.160736
            ],
            [
              107.24797,
              -7.140911
            ],
            [
              107.264668,
              -7.069903
            ]
          ]
        ]
      },
      "properties": {}
    },
    {
      "type": "Feature",
      "geometry": {
        "type": "Polygon",
        "coordinates": [
          [
            [
              120.105478,
              -0.342016
            ],
            [
              120.098313,
              -0.352591
            ],
            [
              119.773769,
              -0.586576
            ],
            [
              119.388563,
              -0.544175
            ],
            [
              119.159575,
              -0.434068
            ],
            [
              119.857079,
              -0.279986
            ]
          ]
        ]
      },
      "properties": {}
    },
    {
      "type": "Feature",
      "geometry": {
        "type": "Polygon",
        "coordinates": [
          [
            [
              101.122322,
              -0.9107
            ],
            [
              101.226015,
              -0.722981
            ],
            [
              102.028074,
              -0.869227
            ],
            [
              102.056428,
              -0.913249
            ],
            [
              101.842782,
              -1.148698
            ],
            [
              101.215898,
              -1.187725
            ],
            [
              101.203188,
              -1.178178
            ]
          ]
        ]
      },
      "properties": {}
    },
    {
      "type": "Feature",
      "geometry": {
        "type": "Polygon",
        "coordinates": [
          [
            [
              98.581927,
              2.825562
            ],
            [
              98.546919,
              2.714116
            ],
            [
              98.163782,
              2.573962
            ],
            [
              98.124846,
              2.729668
            ],
            [
              98.351946,
              2.941052
            ],
            [
              98.397553,
              2.936582
            ]
          ]
        ]
      },
      "properties": {}
    },
    {
      "type": "Feature",
      "geometry": {
        "type": "Polygon",
        "coordinates": [
          [
            [
              111.616297,
              -6.802035
            ],
            [
              111.921298,
              -6.995899
            ],
            [
              111.76379,
              -7.166991
            ],
            [
              111.618431,
              -7.203682
            ],
            [
              111.572451,
              -7.16969
            ]
          ]
        ]
      },
      "properties": {}
    },
    {
      "type": "Feature",
      "geometry": {
        "type": "Polygon",
        "coordinates": [
          [
            [
              110.539266,
              -6.974167
            ],
            [
              110.474205,
              -6.722271
            ],
            [
              110.355535,
              -6.637547
            ],
            [
              110.317869,
              -6.891918
            ],
            [
              110.425065,
              -7.000888
            ]
          ]
        ]
      },
      "properties": {}
    },
    {
      "type": "Feature",
      "geometry": {
        "type": "Polygon",
        "coordinates": [
          [
            [
              110.425065,
              -7.000888
            ],
            [
              110.317869,
              -6.891918
            ],
            [
              110.250797,
              -7.046337
            ],
            [
              110.320441,
              -7.124195
            ]
          ]
        ]
      },
      "properties": {}
    },
    {
      "type": "Feature",
      "geometry": {
        "type": "Polygon",
        "coordinates": [
          [
            [
              118.483212,
              -0.313891
            ],
            [
              118.427463,
              -0.37098
            ],
            [
              116.732392,
              0.314759
            ],
            [
              117.413124,
              0.994617
            ],
            [
              117.772459,
              0.931911
            ],
            [
              118.687983,
              0.339159
            ]
          ]
        ]
      },
      "properties": {}
    },
    {
      "type": "Feature",
      "geometry": {
        "type": "Polygon",
        "coordinates": [
          [
            [
              108.050627,
              -6.874119
            ],
            [
              107.90318,
              -6.879041
            ],
            [
              107.845309,
              -6.922372
            ],
            [
              107.851978,
              -7.036694
            ],
            [
              108.010379,
              -7.146997
            ],
            [
              108.185836,
              -6.996036
            ],
            [
              108.113373,
              -6.903211
            ]
          ]
        ]
      },
      "properties": {}
    },
    {
      "type": "Feature",
      "geometry": {
        "type": "Polygon",
        "coordinates": [
          [
            [
              108.726009,
              -7.275439
            ],
            [
              109.001549,
              -7.519631
            ],
            [
              108.835598,
              -7.658989
            ],
            [
              108.635091,
              -7.506287
            ]
          ]
        ]
      },
      "properties": {}
    },
    {
      "type": "Feature",
      "geometry": {
        "type": "Polygon",
        "coordinates": [
          [
            [
              112.732206,
              -7.368569
            ],
            [
              112.632429,
              -7.420684
            ],
            [
              112.624529,
              -7.494375
            ],
            [
              112.629231,
              -7.510409
            ],
            [
              112.926239,
              -7.593464
            ],
            [
              113.018797,
              -7.537604
            ]
          ]
        ]
      },
      "properties": {}
    },
    {
      "type": "Feature",
      "geometry": {
        "type": "Polygon",
        "coordinates": [
          [
            [
              101.027454,
              1.0359
            ],
            [
              101.129535,
              0.936004
            ],
            [
              101.826606,
              0.522998
            ],
            [
              102.843815,
              1.581726
            ],
            [
              101.082765,
              1.145569
            ]
          ]
        ]
      },
      "properties": {}
    },
    {
      "type": "Feature",
      "geometry": {
        "type": "Polygon",
        "coordinates": [
          [
            [
              98.864869,
              -1.581397
            ],
            [
              99.743936,
              -1.187061
            ],
            [
              99.648981,
              -0.910436
            ],
            [
              99.63567,
              -0.897912
            ],
            [
              98.260557,
              -1.648972
            ]
          ]
        ]
      },
      "properties": {}
    },
    {
      "type": "Feature",
      "geometry": {
        "type": "Polygon",
        "coordinates": [
          [
            [
              96.552838,
              4.450429
            ],
            [
              96.383932,
              4.611147
            ],
            [
              96.446122,
              4.770944
            ],
            [
              96.721883,
              4.756034
            ],
            [
              96.764881,
              4.703452
            ],
            [
              96.779731,
              4.553117
            ]
          ]
        ]
      },
      "properties": {}
    },
    {
      "type": "Feature",
      "geometry": {
        "type": "Polygon",
        "coordinates": [
          [
            [
              98.864869,
              -1.581397
            ],
            [
              99.45397,
              -1.774012
            ],
            [
              98.297672,
              -3.605886
            ],
            [
              95.569355,
              -6.054919
            ],
            [
              95.082372,
              -5.0
            ],
            [
              94.596737,
              -3.0
            ],
            [
              94.59597,
              -2.968062
            ],
            [
              96.260626,
              -2.138414
            ],
            [
              98.260557,
              -1.648972
            ]
          ]
        ]
      },
      "properties": {}
    },
    {
      "type": "Feature",
      "geometry": {
        "type": "Polygon",
        "coordinates": [
          [
            [
              99.342647,
              -0.513045
            ],
            [
              99.63567,
              -0.897912
            ],
            [
              98.260557,
              -1.648972
            ],
            [
              96.260626,
              -2.138414
            ],
            [
              98.935372,
              -0.390798
            ]
          ]
        ]
      },
      "properties": {}
    },
    {
      "type": "Feature",
      "geometry": {
        "type": "Polygon",
        "coordinates": [
          [
            [
              140.457911,
              -2.714008
            ],
            [
              140.347255,
              -2.76072
            ],
            [
              140.277996,
              -1.746143
            ],
            [
              140.327961,
              -1.538369
            ],
            [
              140.568168,
              -2.415006
            ]
          ]
        ]
      },
      "properties": {}
    },
    {
      "type": "Feature",
      "geometry": {
        "type": "Polygon",
        "coordinates": [
          [
            [
              106.488909,
              -7.012561
            ],
            [
              106.461167,
              -7.073357
            ],
            [
              106.574048,
              -7.122822
            ],
            [
              106.653652,
              -7.041393
            ],
            [
              106.637561,
              -6.95556
            ]
          ]
        ]
      },
      "properties": {}
    },
    {
      "type": "Feature",
      "geometry": {
        "type": "Polygon",
        "coordinates": [
          [
            [
              110.774382,
              -7.618851
            ],
            [
              111.089703,
              -7.641303
            ],
            [
              111.09039,
              -7.653708
            ],
            [
              110.757881,
              -7.829074
            ],
            [
              110.725799,
              -7.776264
            ],
            [
              110.720649,
              -7.688722
            ]
          ]
        ]
      },
      "properties": {}
    },
    {
      "type": "Feature",
      "geometry": {
        "type": "Polygon",
        "coordinates": [
          [
            [
              140.430454,
              -3.161768
            ],
            [
              142.922691,
              -3.261659
            ],
            [
              142.739945,
              -4.677896
            ],
            [
              140.161468,
              -4.659861
            ],
            [
              139.978045,
              -4.156414
            ],
            [
              140.383472,
              -3.171228
            ]
          ]
        ]
      },
      "properties": {}
    },
    {
      "type": "Feature",
      "geometry": {
        "type": "Polygon",
        "coordinates": [
          [
            [
              95.324865,
              5.697169
            ],
            [
              93.16749,
              7.471161
            ],
            [
              95.0,
              8.057077
            ],
            [
              97.0,
              7.722266
            ],
            [
              97.007999,
              7.71703
            ],
            [
              96.630047,
              6.789352
            ],
            [
              96.267307,
              6.2701
            ],
            [
              95.405575,
              5.719721
            ]
          ]
        ]
      },
      "properties": {}
    },
    {
      "type": "Feature",
      "geometry": {
        "type": "Polygon",
        "coordinates": [
          [
            [
              101.034259,
              -1.831735
            ],
            [
              101.48831,
              -1.697398
            ],
            [
              101.725213,
              -1.745539
            ],
            [
              101.735479,
              -1.764479
            ],
            [
              101.266143,
              -2.126476
            ]
          ]
        ]
      },
      "properties": {}
    },
    {
      "type": "Feature",
      "geometry": {
        "type": "Polygon",
        "coordinates": [
          [
            [
              97.904704,
              1.735335
            ],
            [
              97.565278,
              1.817732
            ],
            [
              97.621233,
              2.427185
            ],
            [
              98.063099,
              2.331201
            ]
          ]
        ]
      },
      "properties": {}
    },
    {
      "type": "Feature",
      "geometry": {
        "type": "Polygon",
        "coordinates": [
          [
            [
              116.107358,
              -8.790744
            ],
            [
              116.10486,
              -8.762406
            ],
            [
              115.804994,
              -8.522998
            ],
            [
              115.760257,
              -8.585065
            ],
            [
              115.459785,
              -10.333889
            ],
            [
              115.394081,
              -11.405376
            ],
            [
              115.420681,
              -11.405039
            ],
            [
              116.101333,
              -8.871776
            ]
          ]
        ]
      },
      "properties": {}
    },
    {
      "type": "Feature",
      "geometry": {
        "type": "Polygon",
        "coordinates": [
          [
            [
              124.932649,
              1.398468
            ],
            [
              124.581704,
              1.192988
            ],
            [
              124.380162,
              1.443505
            ],
            [
              124.899641,
              1.443505
            ]
          ]
        ]
      },
      "properties": {}
    },
    {
      "type": "Feature",
      "geometry": {
        "type": "Polygon",
        "coordinates": [
          [
            [
              119.686177,
              -1.086242
            ],
            [
              119.721281,
              -0.818059
            ],
            [
              119.862422,
              -0.763946
            ],
            [
              119.893572,
              -0.766459
            ],
            [
              119.84789,
              -1.058275
            ]
          ]
        ]
      },
      "properties": {}
    },
    {
      "type": "Feature",
      "geometry": {
        "type": "Polygon",
        "coordinates": [
          [
            [
              102.310033,
              -2.716791
            ],
            [
              102.245127,
              -2.529565
            ],
            [
              102.247603,
              -2.405417
            ],
            [
              103.494845,
              -1.341786
            ],
            [
              103.815654,
              -1.67465
            ],
            [
              102.359932,
              -2.740304
            ]
          ]
        ]
      },
      "properties": {}
    },
    {
      "type": "Feature",
      "geometry": {
        "type": "Polygon",
        "coordinates": [
          [
            [
              100.616227,
              -1.01094
            ],
            [
              100.476171,
              -0.678533
            ],
            [
              100.494903,
              -0.664483
            ],
            [
              100.737574,
              -0.645414
            ],
            [
              100.766728,
              -0.695484
            ],
            [
              100.635617,
              -1.014323
            ]
          ]
        ]
      },
      "properties": {}
    },
    {
      "type": "Feature",
      "geometry": {
        "type": "Polygon",
        "coordinates": [
          [
            [
              105.387998,
              -6.135611
            ],
            [
              105.357433,
              -5.605892
            ],
            [
              105.825359,
              -5.254275
            ],
            [
              106.350255,
              -5.027636
            ],
            [
              105.907961,
              -5.712264
            ],
            [
              105.73362,
              -5.908072
            ],
            [
              105.662093,
              -5.977299
            ],
            [
              105.485434,
              -6.093948
            ]
          ]
        ]
      },
      "properties": {}
    },
    {
      "type": "Feature",
      "geometry": {
        "type": "Polygon",
        "coordinates": [
          [
            [
              118.129647,
              -1.247644
            ],
            [
              117.872277,
              -1.151592
            ],
            [
              116.735031,
              -0.628682
            ],
            [
              116.507092,
              0.095102
            ],
            [
              116.556489,
              0.286739
            ],
            [
              116.732392,
              0.314759
            ],
            [
              118.427463,
              -0.37098
            ]
          ]
        ]
      },
      "properties": {}
    },
    {
      "type": "Feature",
      "geometry": {
        "type": "Polygon",
        "coordinates": [
          [
            [
              137.677815,
              -0.694327
            ],
            [
              138.140031,
              0.830195
            ],
            [
              138.570856,
              1.856977
            ],
            [
              138.851201,
              -3.035995
            ],
            [
              138.805579,
              -3.041152
            ]
          ]
        ]
      },
      "properties": {}
    },
    {
      "type": "Feature",
      "geometry": {
        "type": "Polygon",
        "coordinates": [
          [
            [
              110.55486,
              -6.993698
            ],
            [
              110.550875,
              -7.163514
            ],
            [
              110.347494,
              -7.18473
            ],
            [
              110.320441,
              -7.124195
            ],
            [
              110.425065,
              -7.000888
            ],
            [
              110.539266,
              -6.974167
            ]
          ]
        ]
      },
      "properties": {}
    },
    {
      "type": "Feature",
      "geometry": {
        "type": "Polygon",
        "coordinates": [
          [
            [
              123.317227,
              2.764113
            ],
            [
              123.29431,
              2.888687
            ],
            [
              122.750262,
              3.835193
            ],
            [
              122.449978,
              4.084916
            ],
            [
              121.87974,
              0.959467
            ],
            [
              122.401851,
              0.525579
            ],
            [
              122.559272,
              0.745369
            ],
            [
              123.294047,
              2.389389
            ],
            [
              123.317323,
              2.736936
            ]
          ]
        ]
      },
      "properties": {}
    },
    {
      "type": "Feature",
      "geometry": {
        "type": "Polygon",
        "coordinates": [
          [
            [
              100.165891,
              0.29222
            ],
            [
              100.20896,
              -0.130606
            ],
            [
              100.152472,
              -0.172955
            ],
            [
              100.045256,
              -0.141954
            ],
            [
              99.952216,
              -0.101041
            ],
            [
              100.121447,
              0.289755
            ]
          ]
        ]
      },
      "properties": {}
    },
    {
      "type": "Feature",
      "geometry": {
        "type": "Polygon",
        "coordinates": [
          [
            [
              98.864869,
              -1.581397
            ],
            [
              99.45397,
              -1.774012
            ],
            [
              99.885851,
              -1.43133
            ],
            [
              99.883729,
              -1.418835
            ],
            [
              99.743936,
              -1.187061
            ]
          ]
        ]
      },
      "properties": {}
    },
    {
      "type": "Feature",
      "geometry": {
        "type": "Polygon",
        "coordinates": [
          [
            [
              98.272499,
              0.803347
            ],
            [
              94.458628,
              -2.383492
            ],
            [
              93.906833,
              -1.0
            ],
            [
              93.876482,
              -0.765893
            ],
            [
              95.046654,
              0.288998
            ],
            [
              96.638853,
              1.503549
            ]
          ]
        ]
      },
      "properties": {}
    },
    {
      "type": "Feature",
      "geometry": {
        "type": "Polygon",
        "coordinates": [
          [
            [
              122.362934,
              -8.08623
            ],
            [
              121.989808,
              -8.850413
            ],
            [
              122.041825,
              -9.066529
            ],
            [
              122.391746,
              -8.230436
            ]
          ]
        ]
      },
      "properties": {}
    },
    {
      "type": "Feature",
      "geometry": {
        "type": "Polygon",
        "coordinates": [
          [
            [
              111.633299,
              -7.735005
            ],
            [
              111.96279,
              -7.792786
            ],
            [
              111.946911,
              -7.870381
            ],
            [
              111.65899,
              -7.924069
            ],
            [
              111.609577,
              -7.779785
            ]
          ]
        ]
      },
      "properties": {}
    },
    {
      "type": "Feature",
      "geometry": {
        "type": "Polygon",
        "coordinates": [
          [
            [
              96.80384,
              1.689941
            ],
            [
              96.638853,
              1.503549
            ],
            [
              95.046654,
              0.288998
            ],
            [
              96.276139,
              2.762815
            ],
            [
              96.598791,
              3.070603
            ],
            [
              96.614248,
              3.064495
            ],
            [
              96.894369,
              2.649691
            ]
          ]
        ]
      },
      "properties": {}
    },
    {
      "type": "Feature",
      "geometry": {
        "type": "Polygon",
        "coordinates": [
          [
            [
              123.964932,
              -9.944139
            ],
            [
              124.384148,
              -9.901252
            ],
            [
              124.546017,
              -9.733932
            ],
            [
              124.271807,
              -9.540084
            ],
            [
              123.851185,
              -9.765554
            ]
          ]
        ]
      },
      "properties": {}
    },
    {
      "type": "Feature",
      "geometry": {
        "type": "Polygon",
        "coordinates": [
          [
            [
              140.643547,
              -8.018886
            ],
            [
              141.12987,
              -11.328762
            ],
            [
              141.88621,
              -11.465525
            ],
            [
              142.302303,
              -11.0
            ],
            [
              143.088178,
              -9.0
            ],
            [
              142.925281,
              -7.490842
            ]
          ]
        ]
      },
      "properties": {}
    },
    {
      "type": "Feature",
      "geometry": {
        "type": "Polygon",
        "coordinates": [
          [
            [
              105.451556,
              -6.306743
            ],
            [
              105.647168,
              -6.708346
            ],
            [
              105.61639,
              -6.741511
            ],
            [
              105.104254,
              -6.324009
            ],
            [
              105.319916,
              -6.221126
            ]
          ]
        ]
      },
      "properties": {}
    },
    {
      "type": "Feature",
      "geometry": {
        "type": "Polygon",
        "coordinates": [
          [
            [
              107.517918,
              -6.678649
            ],
            [
              107.513037,
              -6.66605
            ],
            [
              107.653682,
              -6.66605
            ],
            [
              107.64385,
              -6.746778
            ],
            [
              107.536363,
              -6.719985
            ]
          ]
        ]
      },
      "properties": {}
    },
    {
      "type": "Feature",
      "geometry": {
        "type": "Polygon",
        "coordinates": [
          [
            [
              98.546919,
              2.714116
            ],
            [
              98.607105,
              2.413623
            ],
            [
              98.438547,
              2.292291
            ],
            [
              98.120929,
              2.39835
            ],
            [
              98.118142,
              2.458049
            ],
            [
              98.163782,
              2.573962
            ]
          ]
        ]
      },
      "properties": {}
    },
    {
      "type": "Feature",
      "geometry": {
        "type": "Polygon",
        "coordinates": [
          [
            [
              114.860504,
              -7.476168
            ],
            [
              114.975242,
              -8.198248
            ],
            [
              115.019362,
              -8.23014
            ],
            [
              115.267937,
              -8.178274
            ],
            [
              115.553998,
              -7.489697
            ],
            [
              114.868558,
              -7.448893
            ]
          ]
        ]
      },
      "properties": {}
    },
    {
      "type": "Feature",
      "geometry": {
        "type": "Polygon",
        "coordinates": [
          [
            [
              137.325692,
              -1.305163
            ],
            [
              136.237949,
              -1.52074
            ],
            [
              136.069496,
              -2.170046
            ],
            [
              137.204612,
              -1.813435
            ]
          ]
        ]
      },
      "properties": {}
    },
    {
      "type": "Feature",
      "geometry": {
        "type": "Polygon",
        "coordinates": [
          [
            [
              120.908081,
              -2.78719
            ],
            [
              120.827211,
              -3.012646
            ],
            [
              120.703887,
              -3.0147
            ],
            [
              120.692171,
              -2.997994
            ],
            [
              120.947824,
              -2.124752
            ],
            [
              121.042158,
              -2.203974
            ]
          ]
        ]
      },
      "properties": {}
    },
    {
      "type": "Feature",
      "geometry": {
        "type": "Polygon",
        "coordinates": [
          [
            [
              96.192095,
              3.470503
            ],
            [
              96.425327,
              3.247487
            ],
            [
              96.598791,
              3.070603
            ],
            [
              96.276139,
              2.762815
            ],
            [
              95.840363,
              2.693081
            ],
            [
              95.814874,
              3.524758
            ],
            [
              96.190883,
              3.47087
            ]
          ]
        ]
      },
      "properties": {}
    },
    {
      "type": "Feature",
      "geometry": {
        "type": "Polygon",
        "coordinates": [
          [
            [
              106.911554,
              -6.92256
            ],
            [
              107.039195,
              -6.87596
            ],
            [
              107.043302,
              -6.844301
            ],
            [
              107.037802,
              -6.827809
            ],
            [
              107.003284,
              -6.810714
            ],
            [
              106.913,
              -6.894352
            ]
          ]
        ]
      },
      "properties": {}
    },
    {
      "type": "Feature",
      "geometry": {
        "type": "Polygon",
        "coordinates": [
          [
            [
              106.790191,
              -7.166105
            ],
            [
              106.793706,
              -7.164257
            ],
            [
              106.976013,
              -7.155407
            ],
            [
              106.982813,
              -7.160657
            ],
            [
              106.904625,
              -7.397737
            ],
            [
              106.793365,
              -7.31109
            ],
            [
              106.773736,
              -7.205456
            ]
          ]
        ]
      },
      "properties": {}
    },
    {
      "type": "Feature",
      "geometry": {
        "type": "Polygon",
        "coordinates": [
          [
            [
              106.811281,
              0.026415
            ],
            [
              106.727699,
              0.308783
            ],
            [
              106.839612,
              5.202463
            ],
            [
              107.0,
              5.254166
            ],
            [
              109.0,
              5.463266
            ],
            [
              110.874035,
              5.251008
            ],
            [
              110.912704,
              2.764521
            ],
            [
              110.550716,
              1.553294
            ],
            [
              109.99674,
              0.780958
            ],
            [
              107.608498,
              -0.295999
            ],
            [
              107.116158,
              -0.262563
            ]
          ]
        ]
      },
      "properties": {}
    },
    {
      "type": "Feature",
      "geometry": {
        "type": "Polygon",
        "coordinates": [
          [
            [
              132.136676,
              -4.36376
            ],
            [
              131.382162,
              -3.038399
            ],
            [
              130.044608,
              -3.750588
            ],
            [
              131.273566,
              -5.197434
            ]
          ]
        ]
      },
      "properties": {}
    },
    {
      "type": "Feature",
      "geometry": {
        "type": "Polygon",
        "coordinates": [
          [
            [
              98.163782,
              2.573962
            ],
            [
              98.118142,
              2.458049
            ],
            [
              97.588138,
              2.783884
            ],
            [
              97.727681,
              3.001142
            ],
            [
              97.766869,
              3.046206
            ],
            [
              98.124846,
              2.729668
            ]
          ]
        ]
      },
      "properties": {}
    },
    {
      "type": "Feature",
      "geometry": {
        "type": "Polygon",
        "coordinates": [
          [
            [
              101.012813,
              -1.759217
            ],
            [
              101.032927,
              -1.831368
            ],
            [
              101.034259,
              -1.831735
            ],
            [
              101.48831,
              -1.697398
            ],
            [
              101.230279,
              -1.316063
            ]
          ]
        ]
      },
      "properties": {}
    },
    {
      "type": "Feature",
      "geometry": {
        "type": "Polygon",
        "coordinates": [
          [
            [
              100.737574,
              -0.645414
            ],
            [
              100.965625,
              -0.263376
            ],
            [
              101.202999,
              -0.530504
            ],
            [
              101.226015,
              -0.722981
            ],
            [
              101.122322,
              -0.9107
            ],
            [
              100.982381,
              -0.891063
            ],
            [
              100.766728,
              -0.695484
            ]
          ]
        ]
      },
      "properties": {}
    },
    {
      "type": "Feature",
      "geometry": {
        "type": "Polygon",
        "coordinates": [
          [
            [
              102.649275,
              -3.882964
            ],
            [
              102.229669,
              -4.26239
            ],
            [
              102.100006,
              -4.440834
            ],
            [
              102.645619,
              -4.134643
            ],
            [
              102.680271,
              -3.90468
            ]
          ]
        ]
      },
      "properties": {}
    },
    {
      "type": "Feature",
      "geometry": {
        "type": "Polygon",
        "coordinates": [
          [
            [
              113.75148,
              -7.436198
            ],
            [
              113.895461,
              -7.810342
            ],
            [
              114.049401,
              -7.943575
            ],
            [
              114.277476,
              -7.333043
            ],
            [
              113.791372,
              -7.399091
            ]
          ]
        ]
      },
      "properties": {}
    },
    {
      "type": "Feature",
      "geometry": {
        "type": "Polygon",
        "coordinates": [
          [
            [
              112.784538,
              -0.565656
            ],
            [
              110.912704,
              2.764521
            ],
            [
              110.550716,
              1.553294
            ],
            [
              111.085625,
              -0.783073
            ],
            [
              111.992152,
              -1.290394
            ],
            [
              112.06737,
              -1.285154
            ]
          ]
        ]
      },
      "properties": {}
    },
    {
      "type": "Feature",
      "geometry": {
        "type": "Polygon",
        "coordinates": [
          [
            [
              101.183186,
              -2.289863
            ],
            [
              100.524053,
              -2.221954
            ],
            [
              100.367151,
              -2.297576
            ],
            [
              100.846968,
              -3.001645
            ],
            [
              100.945589,
              -2.930116
            ],
            [
              101.014465,
              -2.841917
            ]
          ]
        ]
      },
      "properties": {}
    },
    {
      "type": "Feature",
      "geometry": {
        "type": "Polygon",
        "coordinates": [
          [
            [
              96.276139,
              2.762815
            ],
            [
              95.840363,
              2.693081
            ],
            [
              93.362753,
              0.417241
            ],
            [
              93.876482,
              -0.765893
            ],
            [
              95.046654,
              0.288998
            ]
          ]
        ]
      },
      "properties": {}
    },
    {
      "type": "Feature",
      "geometry": {
        "type": "Polygon",
        "coordinates": [
          [
            [
              119.515862,
              -5.120041
            ],
            [
              117.968795,
              -4.719028
            ],
            [
              117.431505,
              -4.894768
            ],
            [
              117.132832,
              -5.427103
            ],
            [
              117.24929,
              -5.709861
            ],
            [
              119.550661,
              -5.158707
            ]
          ]
        ]
      },
      "properties": {}
    },
    {
      "type": "Feature",
      "geometry": {
        "type": "Polygon",
        "coordinates": [
          [
            [
              117.21214,
              -8.682315
            ],
            [
              117.345406,
              -8.748087
            ],
            [
              117.589317,
              -8.663143
            ],
            [
              117.779723,
              -8.459498
            ],
            [
              117.400922,
              -8.005962
            ]
          ]
        ]
      },
      "properties": {}
    },
    {
      "type": "Feature",
      "geometry": {
        "type": "Polygon",
        "coordinates": [
          [
            [
              119.499297,
              -5.002174
            ],
            [
              119.804868,
              -5.136765
            ],
            [
              119.808944,
              -5.242904
            ],
            [
              119.770522,
              -5.262506
            ],
            [
              119.550661,
              -5.158707
            ],
            [
              119.515862,
              -5.120041
            ]
          ]
        ]
      },
      "properties": {}
    },
    {
      "type": "Feature",
      "geometry": {
        "type": "Polygon",
        "coordinates": [
          [
            [
              113.046995,
              -7.3641
            ],
            [
              112.764316,
              -7.325561
            ],
            [
              112.732206,
              -7.368569
            ],
            [
              113.018797,
              -7.537604
            ],
            [
              113.056899,
              -7.518351
            ],
            [
              113.095375,
              -7.478649
            ]
          ]
        ]
      },
      "properties": {}
    },
    {
      "type": "Feature",
      "geometry": {
        "type": "Polygon",
        "coordinates": [
          [
            [
              105.667816,
              -7.189427
            ],
            [
              105.621987,
              -7.678969
            ],
            [
              104.120325,
              -10.264002
            ],
            [
              103.0,
              -10.028398
            ],
            [
              102.288213,
              -9.681101
            ],
            [
              102.927626,
              -8.246686
            ],
            [
              104.782494,
              -6.614056
            ],
            [
              105.607307,
              -6.777616
            ]
          ]
        ]
      },
      "properties": {}
    },
    {
      "type": "Feature",
      "geometry": {
        "type": "Polygon",
        "coordinates": [
          [
            [
              104.17576,
              -5.098428
            ],
            [
              104.471824,
              -5.123988
            ],
            [
              104.607045,
              -5.005181
            ],
            [
              104.507181,
              -4.694438
            ],
            [
              104.27304,
              -4.745627
            ],
            [
              104.178792,
              -4.905033
            ]
          ]
        ]
      },
      "properties": {}
    },
    {
      "type": "Feature",
      "geometry": {
        "type": "Polygon",
        "coordinates": [
          [
            [
              135.299968,
              -1.460678
            ],
            [
              138.140031,
              0.830195
            ],
            [
              138.570856,
              1.856977
            ],
            [
              139.30498,
              3.713602
            ],
            [
              139.081486,
              4.151238
            ],
            [
              139.0,
              4.183629
            ],
            [
              137.0,
              4.605918
            ],
            [
              135.0,
              4.655489
            ],
            [
              134.48558,
              4.572373
            ],
            [
              134.540365,
              2.932644
            ],
            [
              134.91384,
              -1.038034
            ],
            [
              135.147966,
              -1.506182
            ]
          ]
        ]
      },
      "properties": {}
    },
    {
      "type": "Feature",
      "geometry": {
        "type": "Polygon",
        "coordinates": [
          [
            [
              119.499297,
              -5.002174
            ],
            [
              119.303916,
              -4.72695
            ],
            [
              118.588182,
              -4.515933
            ],
            [
              118.060402,
              -4.686555
            ],
            [
              117.968795,
              -4.719028
            ],
            [
              119.515862,
              -5.120041
            ]
          ]
        ]
      },
      "properties": {}
    },
    {
      "type": "Feature",
      "geometry": {
        "type": "Polygon",
        "coordinates": [
          [
            [
              119.676801,
              -4.082718
            ],
            [
              120.075342,
              -3.850542
            ],
            [
              120.438338,
              -4.111744
            ],
            [
              120.01168,
              -4.331931
            ]
          ]
        ]
      },
      "properties": {}
    },
    {
      "type": "Feature",
      "geometry": {
        "type": "Polygon",
        "coordinates": [
          [
            [
              131.962412,
              -0.181954
            ],
            [
              131.270731,
              -0.413162
            ],
            [
              130.581083,
              -1.08056
            ],
            [
              131.266419,
              -1.723451
            ],
            [
              131.463402,
              -1.455344
            ]
          ]
        ]
      },
      "properties": {}
    },
    {
      "type": "Feature",
      "geometry": {
        "type": "Polygon",
        "coordinates": [
          [
            [
              111.633299,
              -7.735005
            ],
            [
              111.70244,
              -7.521421
            ],
            [
              111.965259,
              -7.549056
            ],
            [
              112.007072,
              -7.657136
            ],
            [
              111.96279,
              -7.792786
            ]
          ]
        ]
      },
      "properties": {}
    },
    {
      "type": "Feature",
      "geometry": {
        "type": "Polygon",
        "coordinates": [
          [
            [
              132.556627,
              0.119796
            ],
            [
              133.197265,
              -1.40343
            ],
            [
              133.785145,
              -1.043573
            ],
            [
              134.540365,
              2.932644
            ],
            [
              134.48558,
              4.572373
            ],
            [
              133.728177,
              4.600836
            ],
            [
              132.509532,
              0.328605
            ]
          ]
        ]
      },
      "properties": {}
    },
    {
      "type": "Feature",
      "geometry": {
        "type": "Polygon",
        "coordinates": [
          [
            [
              110.533556,
              -7.701239
            ],
            [
              110.563789,
              -7.770441
            ],
            [
              110.50916,
              -7.829898
            ],
            [
              110.470073,
              -7.837277
            ],
            [
              110.432529,
              -7.760491
            ],
            [
              110.42944,
              -7.739126
            ],
            [
              110.455197,
              -7.708579
            ]
          ]
        ]
      },
      "properties": {}
    },
    {
      "type": "Feature",
      "geometry": {
        "type": "Polygon",
        "coordinates": [
          [
            [
              110.688706,
              -8.015591
            ],
            [
              110.712635,
              -8.64746
            ],
            [
              110.118562,
              -11.022416
            ],
            [
              109.35154,
              -10.945973
            ],
            [
              110.5063,
              -8.034258
            ]
          ]
        ]
      },
      "properties": {}
    },
    {
      "type": "Feature",
      "geometry": {
        "type": "Polygon",
        "coordinates": [
          [
            [
              112.043799,
              -7.984425
            ],
            [
              111.949744,
              -7.876585
            ],
            [
              111.602542,
              -8.515073
            ],
            [
              111.746989,
              -9.418952
            ],
            [
              111.908974,
              -9.059192
            ],
            [
              111.998545,
              -8.664163
            ]
          ]
        ]
      },
      "properties": {}
    },
    {
      "type": "Feature",
      "geometry": {
        "type": "Polygon",
        "coordinates": [
          [
            [
              119.308172,
              -3.146945
            ],
            [
              119.134521,
              -3.095171
            ],
            [
              119.00628,
              -3.266617
            ],
            [
              119.061689,
              -3.376233
            ],
            [
              119.26126,
              -3.621929
            ]
          ]
        ]
      },
      "properties": {}
    },
    {
      "type": "Feature",
      "geometry": {
        "type": "Polygon",
        "coordinates": [
          [
            [
              116.924158,
              2.801775
            ],
            [
              118.030244,
              3.682163
            ],
            [
              114.174113,
              4.140294
            ],
            [
              114.738251,
              3.06971
            ]
          ]
        ]
      },
      "properties": {}
    },
    {
      "type": "Feature",
      "geometry": {
        "type": "Polygon",
        "coordinates": [
          [
            [
              100.045256,
              -0.141954
            ],
            [
              100.072135,
              -0.675181
            ],
            [
              100.103419,
              -0.660549
            ],
            [
              100.246757,
              -0.357509
            ],
            [
              100.152472,
              -0.172955
            ]
          ]
        ]
      },
      "properties": {}
    },
    {
      "type": "Feature",
      "geometry": {
        "type": "Polygon",
        "coordinates": [
          [
            [
              124.139473,
              2.48447
            ],
            [
              123.934007,
              2.608879
            ],
            [
              126.559445,
              2.487177
            ],
            [
              125.668169,
              1.638509
            ]
          ]
        ]
      },
      "properties": {}
    },
    {
      "type": "Feature",
      "geometry": {
        "type": "Polygon",
        "coordinates": [
          [
            [
              121.151709,
              -4.917891
            ],
            [
              121.164549,
              -5.046273
            ],
            [
              120.464832,
              -5.219801
            ],
            [
              120.264273,
              -5.141058
            ],
            [
              120.043048,
              -4.750445
            ],
            [
              120.051069,
              -4.705694
            ],
            [
              120.855172,
              -4.428878
            ],
            [
              120.911404,
              -4.481491
            ]
          ]
        ]
      },
      "properties": {}
    },
    {
      "type": "Feature",
      "geometry": {
        "type": "Polygon",
        "coordinates": [
          [
            [
              111.474143,
              -6.445319
            ],
            [
              111.720652,
              -5.88847
            ],
            [
              112.245779,
              -6.328425
            ],
            [
              112.151247,
              -6.946236
            ],
            [
              111.921298,
              -6.995899
            ],
            [
              111.616297,
              -6.802035
            ]
          ]
        ]
      },
      "properties": {}
    },
    {
      "type": "Feature",
      "geometry": {
        "type": "Polygon",
        "coordinates": [
          [
            [
              116.924158,
              2.801775
            ],
            [
              117.951436,
              2.664782
            ],
            [
              118.019891,
              1.934933
            ],
            [
              117.272394,
              1.618094
            ],
            [
              114.798121,
              2.855348
            ],
            [
              114.738251,
              3.06971
            ]
          ]
        ]
      },
      "properties": {}
    },
    {
      "type": "Feature",
      "geometry": {
        "type": "Polygon",
        "coordinates": [
          [
            [
              124.636844,
              1.074432
            ],
            [
              124.45736,
              0.877975
            ],
            [
              124.420032,
              0.37387
            ],
            [
              125.033666,
              -0.64638
            ],
            [
              125.698629,
              -0.708961
            ],
            [
              125.905412,
              -0.263669
            ],
            [
              125.908124,
              -0.241256
            ],
            [
              125.659632,
              0.482849
            ]
          ]
        ]
      },
      "properties": {}
    },
    {
      "type": "Feature",
      "geometry": {
        "type": "Polygon",
        "coordinates": [
          [
            [
              124.601515,
              -0.703922
            ],
            [
              125.033666,
              -0.64638
            ],
            [
              125.698629,
              -0.708961
            ],
            [
              125.94324,
              -1.320829
            ],
            [
              126.042827,
              -1.909108
            ],
            [
              125.09153,
              -3.867189
            ],
            [
              125.054316,
              -3.858152
            ],
            [
              123.78455,
              -3.348255
            ],
            [
              123.544746,
              -2.984692
            ],
            [
              124.133026,
              -1.142325
            ]
          ]
        ]
      },
      "properties": {}
    },
    {
      "type": "Feature",
      "geometry": {
        "type": "Polygon",
        "coordinates": [
          [
            [
              120.461986,
              0.880911
            ],
            [
              121.100154,
              1.258215
            ],
            [
              121.169443,
              0.860588
            ],
            [
              120.764932,
              0.665566
            ]
          ]
        ]
      },
      "properties": {}
    },
    {
      "type": "Feature",
      "geometry": {
        "type": "Polygon",
        "coordinates": [
          [
            [
              115.431979,
              -8.32185
            ],
            [
              115.770713,
              -8.188704
            ],
            [
              115.926792,
              -7.772587
            ],
            [
              115.949293,
              -7.463094
            ],
            [
              115.553998,
              -7.489697
            ],
            [
              115.267937,
              -8.178274
            ]
          ]
        ]
      },
      "properties": {}
    },
    {
      "type": "Feature",
      "geometry": {
        "type": "Polygon",
        "coordinates": [
          [
            [
              123.528558,
              0.6216
            ],
            [
              123.544718,
              0.351313
            ],
            [
              123.476646,
              -0.126679
            ],
            [
              122.992761,
              -0.23473
            ],
            [
              122.640654,
              -0.16628
            ],
            [
              122.629604,
              -0.159282
            ],
            [
              122.596396,
              -0.116626
            ],
            [
              122.919866,
              0.494612
            ]
          ]
        ]
      },
      "properties": {}
    },
    {
      "type": "Feature",
      "geometry": {
        "type": "Polygon",
        "coordinates": [
          [
            [
              121.98205,
              -4.321116
            ],
            [
              122.114027,
              -4.152303
            ],
            [
              121.68449,
              -3.518735
            ],
            [
              121.58688,
              -3.885013
            ]
          ]
        ]
      },
      "properties": {}
    },
    {
      "type": "Feature",
      "geometry": {
        "type": "Polygon",
        "coordinates": [
          [
            [
              120.241698,
              0.127433
            ],
            [
              119.932297,
              1.189939
            ],
            [
              120.461986,
              0.880911
            ],
            [
              120.764932,
              0.665566
            ],
            [
              120.736144,
              -0.243551
            ],
            [
              120.565515,
              -0.196624
            ]
          ]
        ]
      },
      "properties": {}
    },
    {
      "type": "Feature",
      "geometry": {
        "type": "Polygon",
        "coordinates": [
          [
            [
              109.386596,
              -5.85514
            ],
            [
              109.31083,
              -5.755644
            ],
            [
              108.944759,
              -6.29025
            ],
            [
              108.930621,
              -6.3512
            ],
            [
              108.843384,
              -7.026157
            ],
            [
              108.903475,
              -7.050721
            ],
            [
              109.249362,
              -6.894121
            ]
          ]
        ]
      },
      "properties": {}
    },
    {
      "type": "Feature",
      "geometry": {
        "type": "Polygon",
        "coordinates": [
          [
            [
              110.189181,
              -8.009333
            ],
            [
              110.132792,
              -8.303876
            ],
            [
              109.3181,
              -10.943661
            ],
            [
              109.029428,
              -10.940537
            ],
            [
              109.038283,
              -10.820292
            ],
            [
              109.741153,
              -7.921611
            ],
            [
              110.112229,
              -7.865406
            ]
          ]
        ]
      },
      "properties": {}
    },
    {
      "type": "Feature",
      "geometry": {
        "type": "Polygon",
        "coordinates": [
          [
            [
              98.397553,
              2.936582
            ],
            [
              98.351946,
              2.941052
            ],
            [
              97.958473,
              3.201178
            ],
            [
              98.146209,
              3.470885
            ],
            [
              98.293579,
              3.412105
            ],
            [
              98.423041,
              3.204189
            ]
          ]
        ]
      },
      "properties": {}
    },
    {
      "type": "Feature",
      "geometry": {
        "type": "Polygon",
        "coordinates": [
          [
            [
              96.779731,
              4.553117
            ],
            [
              97.253285,
              4.445833
            ],
            [
              97.264543,
              4.45464
            ],
            [
              97.276139,
              4.472192
            ],
            [
              96.764881,
              4.703452
            ]
          ]
        ]
      },
      "properties": {}
    },
    {
      "type": "Feature",
      "geometry": {
        "type": "Polygon",
        "coordinates": [
          [
            [
              116.924158,
              2.801775
            ],
            [
              117.951436,
              2.664782
            ],
            [
              118.951122,
              3.586922
            ],
            [
              118.030244,
              3.682163
            ]
          ]
        ]
      },
      "properties": {}
    },
    {
      "type": "Feature",
      "geometry": {
        "type": "Polygon",
        "coordinates": [
          [
            [
              120.563955,
              -2.147126
            ],
            [
              120.917072,
              -2.093448
            ],
            [
              120.947824,
              -2.124752
            ],
            [
              120.692171,
              -2.997994
            ],
            [
              120.592321,
              -2.877263
            ],
            [
              120.525143,
              -2.181034
            ]
          ]
        ]
      },
      "properties": {}
    },
    {
      "type": "Feature",
      "geometry": {
        "type": "Polygon",
        "coordinates": [
          [
            [
              133.075589,
              -4.611283
            ],
            [
              132.372981,
              -6.810056
            ],
            [
              133.39404,
              -7.411938
            ],
            [
              133.526077,
              -4.824393
            ]
          ]
        ]
      },
      "properties": {}
    },
    {
      "type": "Feature",
      "geometry": {
        "type": "Polygon",
        "coordinates": [
          [
            [
              137.544266,
              -3.458207
            ],
            [
              136.28156,
              -4.53
            ],
            [
              137.967377,
              -4.53
            ],
            [
              137.765035,
              -3.571722
            ]
          ]
        ]
      },
      "properties": {}
    },
    {
      "type": "Feature",
      "geometry": {
        "type": "Polygon",
        "coordinates": [
          [
            [
              124.932649,
              1.398468
            ],
            [
              125.641775,
              1.425941
            ],
            [
              125.659632,
              0.482849
            ],
            [
              124.636844,
              1.074432
            ],
            [
              124.581704,
              1.192988
            ]
          ]
        ]
      },
      "properties": {}
    },
    {
      "type": "Feature",
      "geometry": {
        "type": "Polygon",
        "coordinates": [
          [
            [
              101.014465,
              -2.841917
            ],
            [
              100.945589,
              -2.930116
            ],
            [
              101.687513,
              -2.816872
            ],
            [
              101.641582,
              -2.49221
            ],
            [
              101.575835,
              -2.398579
            ],
            [
              101.557643,
              -2.398101
            ]
          ]
        ]
      },
      "properties": {}
    },
    {
      "type": "Feature",
      "geometry": {
        "type": "Polygon",
        "coordinates": [
          [
            [
              127.59386,
              0.868599
            ],
            [
              127.593568,
              0.846783
            ],
            [
              127.320966,
              0.655392
            ],
            [
              127.433402,
              0.923097
            ]
          ]
        ]
      },
      "properties": {}
    },
    {
      "type": "Feature",
      "geometry": {
        "type": "Polygon",
        "coordinates": [
          [
            [
              127.593568,
              0.846783
            ],
            [
              127.679597,
              0.529471
            ],
            [
              127.653545,
              0.495425
            ],
            [
              127.17068,
              0.54495
            ],
            [
              127.320966,
              0.655392
            ]
          ]
        ]
      },
      "properties": {}
    },
    {
      "type": "Feature",
      "geometry": {
        "type": "Polygon",
        "coordinates": [
          [
            [
              106.686772,
              -6.230725
            ],
            [
              106.738314,
              -6.170766
            ],
            [
              106.741203,
              -6.11655
            ],
            [
              106.73464,
              -6.034618
            ],
            [
              106.632522,
              -5.662261
            ],
            [
              106.517979,
              -6.083481
            ],
            [
              106.642161,
              -6.255732
            ],
            [
              106.655249,
              -6.265187
            ]
          ]
        ]
      },
      "properties": {}
    },
    {
      "type": "Feature",
      "geometry": {
        "type": "Polygon",
        "coordinates": [
          [
            [
              116.687189,
              -8.72491
            ],
            [
              116.672329,
              -8.743638
            ],
            [
              116.371311,
              -8.653721
            ],
            [
              116.313818,
              -8.551681
            ],
            [
              116.316411,
              -8.527521
            ],
            [
              116.717729,
              -8.618531
            ]
          ]
        ]
      },
      "properties": {}
    },
    {
      "type": "Feature",
      "geometry": {
        "type": "Polygon",
        "coordinates": [
          [
            [
              110.347494,
              -7.18473
            ],
            [
              110.325365,
              -7.23133
            ],
            [
              110.323441,
              -7.375964
            ],
            [
              110.37052,
              -7.432056
            ],
            [
              110.584523,
              -7.210697
            ],
            [
              110.574914,
              -7.183123
            ],
            [
              110.550875,
              -7.163514
            ]
          ]
        ]
      },
      "properties": {}
    },
    {
      "type": "Feature",
      "geometry": {
        "type": "Polygon",
        "coordinates": [
          [
            [
              127.433402,
              0.923097
            ],
            [
              126.901016,
              1.113725
            ],
            [
              126.548002,
              0.468671
            ],
            [
              127.17068,
              0.54495
            ],
            [
              127.320966,
              0.655392
            ]
          ]
        ]
      },
      "properties": {}
    },
    {
      "type": "Feature",
      "geometry": {
        "type": "Polygon",
        "coordinates": [
          [
            [
              124.546017,
              -9.733932
            ],
            [
              125.0606,
              -9.676829
            ],
            [
              124.333673,
              -8.929391
            ],
            [
              124.271807,
              -9.540084
            ]
          ]
        ]
      },
      "properties": {}
    },
    {
      "type": "Feature",
      "geometry": {
        "type": "Polygon",
        "coordinates": [
          [
            [
              121.794924,
              -1.71607
            ],
            [
              121.693531,
              -1.541616
            ],
            [
              121.728402,
              -1.426681
            ],
            [
              121.956737,
              -1.170273
            ],
            [
              122.427468,
              -1.136023
            ],
            [
              122.862499,
              -1.69784
            ],
            [
              122.789367,
              -2.18353
            ],
            [
              122.101383,
              -1.965949
            ]
          ]
        ]
      },
      "properties": {}
    },
    {
      "type": "Feature",
      "geometry": {
        "type": "Polygon",
        "coordinates": [
          [
            [
              121.283524,
              -2.35758
            ],
            [
              121.218758,
              -2.956613
            ],
            [
              121.702065,
              -2.671198
            ],
            [
              121.644125,
              -2.495848
            ],
            [
              121.292275,
              -2.321188
            ],
            [
              121.291052,
              -2.321322
            ]
          ]
        ]
      },
      "properties": {}
    },
    {
      "type": "Feature",
      "geometry": {
        "type": "Polygon",
        "coordinates": [
          [
            [
              108.195516,
              -6.734355
            ],
            [
              108.173024,
              -6.629909
            ],
            [
              108.095675,
              -6.615272
            ],
            [
              108.050627,
              -6.874119
            ],
            [
              108.113373,
              -6.903211
            ],
            [
              108.204353,
              -6.775495
            ]
          ]
        ]
      },
      "properties": {}
    },
    {
      "type": "Feature",
      "geometry": {
        "type": "Polygon",
        "coordinates": [
          [
            [
              119.932297,
              1.189939
            ],
            [
              120.461986,
              0.880911
            ],
            [
              121.100154,
              1.258215
            ],
            [
              120.89889,
              4.070759
            ],
            [
              119.612566,
              1.55515
            ]
          ]
        ]
      },
      "properties": {}
    },
    {
      "type": "Feature",
      "geometry": {
        "type": "Polygon",
        "coordinates": [
          [
            [
              121.027492,
              -1.420255
            ],
            [
              120.87611,
              -1.065147
            ],
            [
              121.006902,
              -0.363802
            ],
            [
              121.022191,
              -0.362057
            ],
            [
              121.728402,
              -1.426681
            ],
            [
              121.693531,
              -1.541616
            ],
            [
              121.108628,
              -1.577779
            ],
            [
              121.083384,
              -1.55132
            ]
          ]
        ]
      },
      "properties": {}
    },
    {
      "type": "Feature",
      "geometry": {
        "type": "Polygon",
        "coordinates": [
          [
            [
              120.736144,
              -0.243551
            ],
            [
              120.764932,
              0.665566
            ],
            [
              121.169443,
              0.860588
            ],
            [
              121.516998,
              0.690971
            ],
            [
              121.524242,
              0.057729
            ],
            [
              121.039301,
              -0.355229
            ],
            [
              121.022191,
              -0.362057
            ],
            [
              121.006902,
              -0.363802
            ],
            [
              120.743423,
              -0.24979
            ]
          ]
        ]
      },
      "properties": {}
    },
    {
      "type": "Feature",
      "geometry": {
        "type": "Polygon",
        "coordinates": [
          [
            [
              106.901765,
              -4.343802
            ],
            [
              108.348256,
              -4.478093
            ],
            [
              108.998058,
              -4.352792
            ],
            [
              109.674165,
              -3.748359
            ],
            [
              109.671998,
              -3.580782
            ],
            [
              107.344498,
              -1.311491
            ],
            [
              106.363054,
              -3.81169
            ]
          ]
        ]
      },
      "properties": {}
    },
    {
      "type": "Feature",
      "geometry": {
        "type": "Polygon",
        "coordinates": [
          [
            [
              105.57386,
              -6.353384
            ],
            [
              105.911073,
              -6.474704
            ],
            [
              105.902917,
              -6.503812
            ],
            [
              105.752752,
              -6.565326
            ],
            [
              105.616648,
              -6.447286
            ],
            [
              105.526195,
              -6.345638
            ]
          ]
        ]
      },
      "properties": {}
    },
    {
      "type": "Feature",
      "geometry": {
        "type": "Polygon",
        "coordinates": [
          [
            [
              103.094501,
              1.7189
            ],
            [
              103.138083,
              1.532379
            ],
            [
              104.025887,
              0.198671
            ],
            [
              106.727699,
              0.308783
            ],
            [
              106.839612,
              5.202463
            ],
            [
              105.0,
              5.502086
            ],
            [
              104.005294,
              5.445015
            ]
          ]
        ]
      },
      "properties": {}
    },
    {
      "type": "Feature",
      "geometry": {
        "type": "Polygon",
        "coordinates": [
          [
            [
              96.157743,
              5.053907
            ],
            [
              95.94204,
              5.215969
            ],
            [
              95.916702,
              5.233786
            ],
            [
              95.738871,
              5.034669
            ],
            [
              95.754077,
              4.848256
            ],
            [
              95.888312,
              4.64519
            ]
          ]
        ]
      },
      "properties": {}
    },
    {
      "type": "Feature",
      "geometry": {
        "type": "Polygon",
        "coordinates": [
          [
            [
              112.629231,
              -7.510409
            ],
            [
              112.580586,
              -7.575507
            ],
            [
              112.77281,
              -7.832185
            ],
            [
              112.800326,
              -7.842745
            ],
            [
              112.800918,
              -7.842558
            ],
            [
              112.926239,
              -7.593464
            ]
          ]
        ]
      },
      "properties": {}
    },
    {
      "type": "Feature",
      "geometry": {
        "type": "Polygon",
        "coordinates": [
          [
            [
              99.885851,
              -1.43133
            ],
            [
              100.107628,
              -1.7424
            ],
            [
              100.266656,
              -2.256223
            ],
            [
              98.297672,
              -3.605886
            ],
            [
              99.45397,
              -1.774012
            ]
          ]
        ]
      },
      "properties": {}
    },
    {
      "type": "Feature",
      "geometry": {
        "type": "Polygon",
        "coordinates": [
          [
            [
              98.675087,
              1.794505
            ],
            [
              98.885365,
              2.316491
            ],
            [
              98.989309,
              2.348844
            ],
            [
              99.083095,
              2.291973
            ],
            [
              99.045537,
              1.771934
            ]
          ]
        ]
      },
      "properties": {}
    },
    {
      "type": "Feature",
      "geometry": {
        "type": "Polygon",
        "coordinates": [
          [
            [
              107.290677,
              -6.593869
            ],
            [
              107.149273,
              -6.679687
            ],
            [
              107.069174,
              -6.646877
            ],
            [
              107.058717,
              -6.637759
            ],
            [
              107.077417,
              -6.564573
            ],
            [
              107.259937,
              -6.535872
            ],
            [
              107.283726,
              -6.568867
            ]
          ]
        ]
      },
      "properties": {}
    },
    {
      "type": "Feature",
      "geometry": {
        "type": "Polygon",
        "coordinates": [
          [
            [
              98.3398,
              3.415145
            ],
            [
              98.596045,
              3.586665
            ],
            [
              98.674988,
              3.361466
            ]
          ]
        ]
      },
      "properties": {}
    },
    {
      "type": "Feature",
      "geometry": {
        "type": "Polygon",
        "coordinates": [
          [
            [
              107.728135,
              -6.872557
            ],
            [
              107.845309,
              -6.922372
            ],
            [
              107.90318,
              -6.879041
            ],
            [
              107.915882,
              -6.612189
            ],
            [
              107.773505,
              -6.655063
            ],
            [
              107.705777,
              -6.801434
            ]
          ]
        ]
      },
      "properties": {}
    },
    {
      "type": "Feature",
      "geometry": {
        "type": "Polygon",
        "coordinates": [
          [
            [
              106.6569,
              -7.348745
            ],
            [
              106.474647,
              -7.708903
            ],
            [
              105.54011,
              -10.622099
            ],
            [
              106.520015,
              -10.729229
            ],
            [
              106.784615,
              -9.527586
            ],
            [
              106.92681,
              -7.440321
            ],
            [
              106.904625,
              -7.397737
            ],
            [
              106.793365,
              -7.31109
            ],
            [
              106.661244,
              -7.34629
            ]
          ]
        ]
      },
      "properties": {}
    },
    {
      "type": "Feature",
      "geometry": {
        "type": "Polygon",
        "coordinates": [
          [
            [
              118.457875,
              -8.630829
            ],
            [
              118.301979,
              -9.195952
            ],
            [
              118.025664,
              -8.564374
            ]
          ]
        ]
      },
      "properties": {}
    },
    {
      "type": "Feature",
      "geometry": {
        "type": "Polygon",
        "coordinates": [
          [
            [
              132.240122,
              -1.272237
            ],
            [
              132.676873,
              -2.12283
            ],
            [
              132.665547,
              -2.137181
            ],
            [
              131.367394,
              -2.294299
            ],
            [
              131.266419,
              -1.723451
            ],
            [
              131.463402,
              -1.455344
            ]
          ]
        ]
      },
      "properties": {}
    },
    {
      "type": "Feature",
      "geometry": {
        "type": "Polygon",
        "coordinates": [
          [
            [
              115.198775,
              -8.629657
            ],
            [
              115.100003,
              -8.381459
            ],
            [
              114.905027,
              -8.729809
            ],
            [
              114.971245,
              -8.708857
            ]
          ]
        ]
      },
      "properties": {}
    },
    {
      "type": "Feature",
      "geometry": {
        "type": "Polygon",
        "coordinates": [
          [
            [
              111.101378,
              -7.584285
            ],
            [
              111.279356,
              -7.463334
            ],
            [
              111.429028,
              -7.526278
            ],
            [
              111.433267,
              -7.752774
            ],
            [
              111.377403,
              -7.793374
            ],
            [
              111.136641,
              -7.761833
            ],
            [
              111.09039,
              -7.653708
            ],
            [
              111.089703,
              -7.641303
            ]
          ]
        ]
      },
      "properties": {}
    },
    {
      "type": "Feature",
      "geometry": {
        "type": "Polygon",
        "coordinates": [
          [
            [
              119.521714,
              -4.753966
            ],
            [
              119.85805,
              -4.600015
            ],
            [
              119.960607,
              -4.631005
            ],
            [
              120.051069,
              -4.705694
            ],
            [
              120.043048,
              -4.750445
            ],
            [
              119.811352,
              -5.061024
            ]
          ]
        ]
      },
      "properties": {}
    },
    {
      "type": "Feature",
      "geometry": {
        "type": "Polygon",
        "coordinates": [
          [
            [
              119.590323,
              -3.218893
            ],
            [
              119.88654,
              -3.401463
            ],
            [
              120.028111,
              -3.420568
            ],
            [
              119.982303,
              -2.798422
            ],
            [
              119.974329,
              -2.721921
            ],
            [
              119.695229,
              -2.468831
            ],
            [
              119.567509,
              -3.120438
            ],
            [
              119.558879,
              -3.166722
            ]
          ]
        ]
      },
      "properties": {}
    },
    {
      "type": "Feature",
      "geometry": {
        "type": "Polygon",
        "coordinates": [
          [
            [
              99.006968,
              0.656481
            ],
            [
              99.849359,
              1.14658
            ],
            [
              99.699474,
              1.224228
            ],
            [
              99.127798,
              1.261099
            ],
            [
              98.633271,
              0.725852
            ],
            [
              98.691274,
              0.668329
            ]
          ]
        ]
      },
      "properties": {}
    },
    {
      "type": "Feature",
      "geometry": {
        "type": "Polygon",
        "coordinates": [
          [
            [
              128.119659,
              -2.149511
            ],
            [
              128.780316,
              -1.679608
            ],
            [
              129.428236,
              -2.104212
            ],
            [
              129.6789,
              -2.489496
            ],
            [
              129.640784,
              -2.766043
            ],
            [
              128.669937,
              -3.170764
            ],
            [
              128.499223,
              -3.046009
            ]
          ]
        ]
      },
      "properties": {}
    },
    {
      "type": "Feature",
      "geometry": {
        "type": "Polygon",
        "coordinates": [
          [
            [
              107.057123,
              -5.952844
            ],
            [
              106.992372,
              -6.309129
            ],
            [
              107.033054,
              -6.292102
            ],
            [
              107.168739,
              -6.05458
            ],
            [
              107.087239,
              -5.889039
            ]
          ]
        ]
      },
      "properties": {}
    },
    {
      "type": "Feature",
      "geometry": {
        "type": "Polygon",
        "coordinates": [
          [
            [
              113.265067,
              -11.229683
            ],
            [
              113.488316,
              -11.218996
            ],
            [
              113.970087,
              -8.263776
            ],
            [
              113.61712,
              -8.285283
            ]
          ]
        ]
      },
      "properties": {}
    },
    {
      "type": "Feature",
      "geometry": {
        "type": "Polygon",
        "coordinates": [
          [
            [
              117.006066,
              -8.882593
            ],
            [
              116.687189,
              -8.72491
            ],
            [
              116.717729,
              -8.618531
            ],
            [
              116.835776,
              -8.435566
            ],
            [
              117.151951,
              -8.686598
            ]
          ]
        ]
      },
      "properties": {}
    },
    {
      "type": "Feature",
      "geometry": {
        "type": "Polygon",
        "coordinates": [
          [
            [
              97.040334,
              4.952752
            ],
            [
              98.111872,
              7.473393
            ],
            [
              98.320972,
              7.443824
            ],
            [
              97.411214,
              4.58234
            ],
            [
              97.355342,
              4.565897
            ]
          ]
        ]
      },
      "properties": {}
    },
    {
      "type": "Feature",
      "geometry": {
        "type": "Polygon",
        "coordinates": [
          [
            [
              102.434608,
              -3.716177
            ],
            [
              102.357346,
              -3.591037
            ],
            [
              102.022596,
              -3.599015
            ],
            [
              101.621563,
              -4.076763
            ],
            [
              102.040403,
              -3.911929
            ]
          ]
        ]
      },
      "properties": {}
    },
    {
      "type": "Feature",
      "geometry": {
        "type": "Polygon",
        "coordinates": [
          [
            [
              111.144908,
              -6.779067
            ],
            [
              110.749884,
              -6.716165
            ],
            [
              110.709426,
              -6.752068
            ],
            [
              110.784371,
              -6.947614
            ],
            [
              110.904048,
              -7.042338
            ],
            [
              110.95808,
              -7.059972
            ],
            [
              110.967541,
              -7.051052
            ]
          ]
        ]
      },
      "properties": {}
    },
    {
      "type": "Feature",
      "geometry": {
        "type": "Polygon",
        "coordinates": [
          [
            [
              110.422818,
              -7.893558
            ],
            [
              110.470073,
              -7.837277
            ],
            [
              110.50916,
              -7.829898
            ],
            [
              110.587841,
              -7.907037
            ],
            [
              110.496958,
              -7.993361
            ],
            [
              110.428515,
              -7.917702
            ],
            [
              110.422786,
              -7.894037
            ]
          ]
        ]
      },
      "properties": {}
    },
    {
      "type": "Feature",
      "geometry": {
        "type": "Polygon",
        "coordinates": [
          [
            [
              110.275871,
              -7.702938
            ],
            [
              110.339301,
              -7.799118
            ],
            [
              110.432529,
              -7.760491
            ],
            [
              110.42944,
              -7.739126
            ],
            [
              110.296072,
              -7.681316
            ]
          ]
        ]
      },
      "properties": {}
    },
    {
      "type": "Feature",
      "geometry": {
        "type": "Polygon",
        "coordinates": [
          [
            [
              122.732996,
              -3.774929
            ],
            [
              121.733034,
              -3.43842
            ],
            [
              121.686875,
              -3.461682
            ],
            [
              121.68449,
              -3.518735
            ],
            [
              122.114027,
              -4.152303
            ]
          ]
        ]
      },
      "properties": {}
    },
    {
      "type": "Feature",
      "geometry": {
        "type": "Polygon",
        "coordinates": [
          [
            [
              119.095325,
              -2.889767
            ],
            [
              118.808468,
              -2.862902
            ],
            [
              117.500166,
              -2.947703
            ],
            [
              117.541213,
              -3.397258
            ],
            [
              119.00628,
              -3.266617
            ],
            [
              119.134521,
              -3.095171
            ]
          ]
        ]
      },
      "properties": {}
    },
    {
      "type": "Feature",
      "geometry": {
        "type": "Polygon",
        "coordinates": [
          [
            [
              102.874229,
              -3.523668
            ],
            [
              103.042398,
              -3.878627
            ],
            [
              102.988754,
              -3.967405
            ],
            [
              102.680271,
              -3.90468
            ],
            [
              102.649275,
              -3.882964
            ],
            [
              102.623799,
              -3.834572
            ],
            [
              102.722561,
              -3.650715
            ],
            [
              102.779336,
              -3.545245
            ],
            [
              102.828398,
              -3.512219
            ]
          ]
        ]
      },
      "properties": {}
    },
    {
      "type": "Feature",
      "geometry": {
        "type": "Polygon",
        "coordinates": [
          [
            [
              102.529541,
              -3.650715
            ],
            [
              102.437226,
              -3.719007
            ],
            [
              102.434608,
              -3.716177
            ],
            [
              102.357346,
              -3.591037
            ],
            [
              102.421693,
              -3.47965
            ],
            [
              102.66702,
              -3.548626
            ]
          ]
        ]
      },
      "properties": {}
    },
    {
      "type": "Feature",
      "geometry": {
        "type": "Polygon",
        "coordinates": [
          [
            [
              121.195816,
              -9.44993
            ],
            [
              120.765529,
              -9.327312
            ],
            [
              120.470653,
              -9.797198
            ],
            [
              120.265792,
              -10.12651
            ],
            [
              120.028036,
              -11.899773
            ],
            [
              120.369977,
              -11.95486
            ],
            [
              121.530699,
              -9.642002
            ],
            [
              121.521351,
              -9.633616
            ]
          ]
        ]
      },
      "properties": {}
    },
    {
      "type": "Feature",
      "geometry": {
        "type": "Polygon",
        "coordinates": [
          [
            [
              110.764481,
              -7.393335
            ],
            [
              110.89917,
              -7.346636
            ],
            [
              111.101378,
              -7.584285
            ],
            [
              111.089703,
              -7.641303
            ],
            [
              110.774382,
              -7.618851
            ]
          ]
        ]
      },
      "properties": {}
    },
    {
      "type": "Feature",
      "geometry": {
        "type": "Polygon",
        "coordinates": [
          [
            [
              117.151951,
              -8.686598
            ],
            [
              117.21214,
              -8.682315
            ],
            [
              117.400922,
              -8.005962
            ],
            [
              117.065097,
              -7.208558
            ],
            [
              116.801054,
              -8.239396
            ],
            [
              116.835776,
              -8.435566
            ]
          ]
        ]
      },
      "properties": {}
    },
    {
      "type": "Feature",
      "geometry": {
        "type": "Polygon",
        "coordinates": [
          [
            [
              120.04812,
              -9.486512
            ],
            [
              120.056154,
              -9.21152
            ],
            [
              119.73382,
              -9.080858
            ],
            [
              119.60736,
              -9.10811
            ],
            [
              119.576585,
              -10.03792
            ],
            [
              120.046573,
              -9.534934
            ]
          ]
        ]
      },
      "properties": {}
    },
    {
      "type": "Feature",
      "geometry": {
        "type": "Polygon",
        "coordinates": [
          [
            [
              104.471824,
              -5.123988
            ],
            [
              104.607045,
              -5.005181
            ],
            [
              104.908535,
              -5.207162
            ],
            [
              104.905757,
              -5.242214
            ],
            [
              104.548923,
              -5.424655
            ],
            [
              104.364674,
              -5.376607
            ],
            [
              104.363164,
              -5.374344
            ]
          ]
        ]
      },
      "properties": {}
    },
    {
      "type": "Feature",
      "geometry": {
        "type": "Polygon",
        "coordinates": [
          [
            [
              102.680271,
              -3.90468
            ],
            [
              102.645619,
              -4.134643
            ],
            [
              102.854445,
              -4.211652
            ],
            [
              102.998284,
              -4.093261
            ],
            [
              102.988754,
              -3.967405
            ]
          ]
        ]
      },
      "properties": {}
    },
    {
      "type": "Feature",
      "geometry": {
        "type": "Polygon",
        "coordinates": [
          [
            [
              121.039301,
              -0.355229
            ],
            [
              121.913572,
              -0.738618
            ],
            [
              122.629604,
              -0.159282
            ],
            [
              122.596396,
              -0.116626
            ],
            [
              122.500474,
              -0.027541
            ],
            [
              121.524242,
              0.057729
            ]
          ]
        ]
      },
      "properties": {}
    },
    {
      "type": "Feature",
      "geometry": {
        "type": "Polygon",
        "coordinates": [
          [
            [
              111.30589,
              -6.600849
            ],
            [
              111.267619,
              -6.631994
            ],
            [
              110.814824,
              -6.515299
            ],
            [
              110.619504,
              -6.209954
            ],
            [
              111.541993,
              -5.350243
            ],
            [
              111.720652,
              -5.88847
            ],
            [
              111.474143,
              -6.445319
            ]
          ]
        ]
      },
      "properties": {}
    },
    {
      "type": "Feature",
      "geometry": {
        "type": "Polygon",
        "coordinates": [
          [
            [
              135.322128,
              -4.876685
            ],
            [
              136.312634,
              -3.120015
            ],
            [
              135.688454,
              -2.697114
            ],
            [
              135.122094,
              -4.757496
            ]
          ]
        ]
      },
      "properties": {}
    },
    {
      "type": "Feature",
      "geometry": {
        "type": "Polygon",
        "coordinates": [
          [
            [
              137.765035,
              -3.571722
            ],
            [
              137.967377,
              -4.53
            ],
            [
              138.164262,
              -5.462002
            ],
            [
              139.547809,
              -5.265111
            ],
            [
              140.161468,
              -4.659861
            ],
            [
              139.978045,
              -4.156414
            ],
            [
              138.900789,
              -3.049636
            ],
            [
              138.86825,
              -3.035353
            ],
            [
              138.851201,
              -3.035995
            ],
            [
              138.805579,
              -3.041152
            ]
          ]
        ]
      },
      "properties": {}
    },
    {
      "type": "Feature",
      "geometry": {
        "type": "Polygon",
        "coordinates": [
          [
            [
              135.122094,
              -4.757496
            ],
            [
              134.684059,
              -4.542191
            ],
            [
              134.549089,
              -3.604475
            ],
            [
              135.407292,
              -2.491102
            ],
            [
              135.509124,
              -2.535102
            ],
            [
              135.688454,
              -2.697114
            ]
          ]
        ]
      },
      "properties": {}
    },
    {
      "type": "Feature",
      "geometry": {
        "type": "Polygon",
        "coordinates": [
          [
            [
              127.679597,
              0.529471
            ],
            [
              128.021936,
              0.576223
            ],
            [
              128.237633,
              0.312742
            ],
            [
              128.40203,
              -0.001637
            ],
            [
              127.617092,
              -0.011794
            ],
            [
              127.653545,
              0.495425
            ]
          ]
        ]
      },
      "properties": {}
    },
    {
      "type": "Feature",
      "geometry": {
        "type": "Polygon",
        "coordinates": [
          [
            [
              119.558908,
              -7.452466
            ],
            [
              119.249759,
              -8.326666
            ],
            [
              118.868438,
              -8.486028
            ],
            [
              118.753357,
              -8.393043
            ],
            [
              118.474317,
              -7.722318
            ],
            [
              118.673118,
              -6.708821
            ],
            [
              119.177108,
              -6.877432
            ],
            [
              119.565033,
              -7.418454
            ]
          ]
        ]
      },
      "properties": {}
    },
    {
      "type": "Feature",
      "geometry": {
        "type": "Polygon",
        "coordinates": [
          [
            [
              119.341108,
              -9.070527
            ],
            [
              119.254306,
              -9.102176
            ],
            [
              118.916819,
              -11.891208
            ],
            [
              119.0,
              -11.917753
            ],
            [
              119.035654,
              -11.912771
            ],
            [
              119.576585,
              -10.03792
            ],
            [
              119.60736,
              -9.10811
            ]
          ]
        ]
      },
      "properties": {}
    },
    {
      "type": "Feature",
      "geometry": {
        "type": "Polygon",
        "coordinates": [
          [
            [
              121.189627,
              -7.818834
            ],
            [
              121.49258,
              -8.636935
            ],
            [
              121.907593,
              -8.718281
            ],
            [
              121.636555,
              -7.501612
            ]
          ]
        ]
      },
      "properties": {}
    },
    {
      "type": "Feature",
      "geometry": {
        "type": "Polygon",
        "coordinates": [
          [
            [
              122.362934,
              -8.08623
            ],
            [
              122.358099,
              -7.819742
            ],
            [
              122.748644,
              -8.27532
            ],
            [
              123.02058,
              -8.592742
            ],
            [
              123.077423,
              -8.825912
            ],
            [
              123.072583,
              -9.385498
            ],
            [
              122.709208,
              -9.580365
            ],
            [
              122.391746,
              -8.230436
            ]
          ]
        ]
      },
      "properties": {}
    },
    {
      "type": "Feature",
      "geometry": {
        "type": "Polygon",
        "coordinates": [
          [
            [
              112.624529,
              -7.494375
            ],
            [
              112.3648,
              -7.391226
            ],
            [
              112.487015,
              -7.235515
            ],
            [
              112.611915,
              -7.352383
            ],
            [
              112.632429,
              -7.420684
            ]
          ]
        ]
      },
      "properties": {}
    },
    {
      "type": "Feature",
      "geometry": {
        "type": "Polygon",
        "coordinates": [
          [
            [
              110.587841,
              -7.907037
            ],
            [
              110.732864,
              -7.921383
            ],
            [
              110.688706,
              -8.015591
            ],
            [
              110.5063,
              -8.034258
            ],
            [
              110.496958,
              -7.993361
            ]
          ]
        ]
      },
      "properties": {}
    },
    {
      "type": "Feature",
      "geometry": {
        "type": "Polygon",
        "coordinates": [
          [
            [
              120.551928,
              -9.162706
            ],
            [
              120.765529,
              -9.327312
            ],
            [
              120.470653,
              -9.797198
            ],
            [
              120.04812,
              -9.486512
            ],
            [
              120.056154,
              -9.21152
            ],
            [
              120.497972,
              -9.153664
            ]
          ]
        ]
      },
      "properties": {}
    },
    {
      "type": "Feature",
      "geometry": {
        "type": "Polygon",
        "coordinates": [
          [
            [
              128.068131,
              0.827469
            ],
            [
              128.4655,
              0.976568
            ],
            [
              129.277944,
              1.501477
            ],
            [
              128.321683,
              1.624945
            ],
            [
              127.968871,
              1.464309
            ],
            [
              127.804878,
              1.242415
            ],
            [
              127.804993,
              1.09102
            ]
          ]
        ]
      },
      "properties": {}
    },
    {
      "type": "Feature",
      "geometry": {
        "type": "Polygon",
        "coordinates": [
          [
            [
              121.571268,
              -3.900899
            ],
            [
              120.911404,
              -4.481491
            ],
            [
              120.855172,
              -4.428878
            ],
            [
              120.765983,
              -4.243862
            ],
            [
              120.804654,
              -4.015143
            ],
            [
              121.340991,
              -3.35155
            ],
            [
              121.686875,
              -3.461682
            ],
            [
              121.68449,
              -3.518735
            ],
            [
              121.58688,
              -3.885013
            ]
          ]
        ]
      },
      "properties": {}
    },
    {
      "type": "Feature",
      "geometry": {
        "type": "Polygon",
        "coordinates": [
          [
            [
              123.077423,
              -8.825912
            ],
            [
              123.693876,
              -8.021086
            ],
            [
              123.884714,
              -8.895919
            ],
            [
              123.218228,
              -9.373099
            ],
            [
              123.072583,
              -9.385498
            ]
          ]
        ]
      },
      "properties": {}
    },
    {
      "type": "Feature",
      "geometry": {
        "type": "Polygon",
        "coordinates": [
          [
            [
              105.965093,
              -6.828441
            ],
            [
              105.895868,
              -6.792952
            ],
            [
              105.873522,
              -6.83115
            ],
            [
              105.966195,
              -6.83115
            ]
          ]
        ]
      },
      "properties": {}
    },
    {
      "type": "Feature",
      "geometry": {
        "type": "Polygon",
        "coordinates": [
          [
            [
              116.835776,
              -8.435566
            ],
            [
              116.801054,
              -8.239396
            ],
            [
              116.325048,
              -8.437405
            ],
            [
              116.311828,
              -8.498701
            ],
            [
              116.316411,
              -8.527521
            ],
            [
              116.717729,
              -8.618531
            ]
          ]
        ]
      },
      "properties": {}
    },
    {
      "type": "Feature",
      "geometry": {
        "type": "Polygon",
        "coordinates": [
          [
            [
              121.292275,
              -2.321188
            ],
            [
              121.794924,
              -1.71607
            ],
            [
              122.101383,
              -1.965949
            ],
            [
              121.644125,
              -2.495848
            ]
          ]
        ]
      },
      "properties": {}
    },
    {
      "type": "Feature",
      "geometry": {
        "type": "Polygon",
        "coordinates": [
          [
            [
              111.093441,
              -7.981846
            ],
            [
              111.136641,
              -7.761833
            ],
            [
              111.09039,
              -7.653708
            ],
            [
              110.757881,
              -7.829074
            ],
            [
              110.758705,
              -7.899034
            ],
            [
              110.989165,
              -8.028395
            ]
          ]
        ]
      },
      "properties": {}
    },
    {
      "type": "Feature",
      "geometry": {
        "type": "Polygon",
        "coordinates": [
          [
            [
              113.75148,
              -7.436198
            ],
            [
              113.895461,
              -7.810342
            ],
            [
              113.596747,
              -7.972122
            ],
            [
              113.522322,
              -7.965854
            ],
            [
              113.476666,
              -7.843064
            ],
            [
              113.489679,
              -7.536925
            ]
          ]
        ]
      },
      "properties": {}
    },
    {
      "type": "Feature",
      "geometry": {
        "type": "Polygon",
        "coordinates": [
          [
            [
              127.59386,
              0.868599
            ],
            [
              127.804993,
              1.09102
            ],
            [
              128.068131,
              0.827469
            ],
            [
              128.021936,
              0.576223
            ],
            [
              127.679597,
              0.529471
            ],
            [
              127.593568,
              0.846783
            ]
          ]
        ]
      },
      "properties": {}
    },
    {
      "type": "Feature",
      "geometry": {
        "type": "Polygon",
        "coordinates": [
          [
            [
              120.04812,
              -9.486512
            ],
            [
              120.470653,
              -9.797198
            ],
            [
              120.265792,
              -10.12651
            ],
            [
              120.046573,
              -9.534934
            ]
          ]
        ]
      },
      "properties": {}
    },
    {
      "type": "Feature",
      "geometry": {
        "type": "Polygon",
        "coordinates": [
          [
            [
              106.637561,
              -6.95556
            ],
            [
              106.653652,
              -7.041393
            ],
            [
              106.719298,
              -7.055237
            ],
            [
              106.775584,
              -7.003869
            ],
            [
              106.773991,
              -6.921754
            ],
            [
              106.702211,
              -6.899254
            ],
            [
              106.638549,
              -6.927249
            ]
          ]
        ]
      },
      "properties": {}
    },
    {
      "type": "Feature",
      "geometry": {
        "type": "Polygon",
        "coordinates": [
          [
            [
              120.692171,
              -2.997994
            ],
            [
              120.703887,
              -3.0147
            ],
            [
              120.525568,
              -3.269074
            ],
            [
              120.452764,
              -3.291648
            ],
            [
              119.982303,
              -2.798422
            ],
            [
              119.974329,
              -2.721921
            ],
            [
              120.206269,
              -2.765302
            ],
            [
              120.592321,
              -2.877263
            ]
          ]
        ]
      },
      "properties": {}
    },
    {
      "type": "Feature",
      "geometry": {
        "type": "Polygon",
        "coordinates": [
          [
            [
              123.073805,
              -5.22099
            ],
            [
              125.054316,
              -3.858152
            ],
            [
              125.09153,
              -3.867189
            ],
            [
              126.005165,
              -5.473446
            ],
            [
              125.291991,
              -6.250591
            ],
            [
              123.683256,
              -6.847155
            ],
            [
              123.365959,
              -6.791786
            ],
            [
              123.031621,
              -5.312373
            ]
          ]
        ]
      },
      "properties": {}
    },
    {
      "type": "Feature",
      "geometry": {
        "type": "Polygon",
        "coordinates": [
          [
            [
              137.204612,
              -1.813435
            ],
            [
              136.069496,
              -2.170046
            ],
            [
              135.509124,
              -2.535102
            ],
            [
              135.688454,
              -2.697114
            ],
            [
              136.312634,
              -3.120015
            ],
            [
              137.210898,
              -3.117788
            ]
          ]
        ]
      },
      "properties": {}
    },
    {
      "type": "Feature",
      "geometry": {
        "type": "Polygon",
        "coordinates": [
          [
            [
              135.509124,
              -2.535102
            ],
            [
              136.069496,
              -2.170046
            ],
            [
              136.237949,
              -1.52074
            ],
            [
              135.299968,
              -1.460678
            ],
            [
              135.147966,
              -1.506182
            ],
            [
              135.074888,
              -1.936439
            ],
            [
              135.407292,
              -2.491102
            ]
          ]
        ]
      },
      "properties": {}
    },
    {
      "type": "Feature",
      "geometry": {
        "type": "Polygon",
        "coordinates": [
          [
            [
              113.038347,
              -8.035258
            ],
            [
              113.274681,
              -8.287557
            ],
            [
              113.413617,
              -8.088811
            ],
            [
              113.050064,
              -8.026636
            ]
          ]
        ]
      },
      "properties": {}
    },
    {
      "type": "Feature",
      "geometry": {
        "type": "Polygon",
        "coordinates": [
          [
            [
              110.275871,
              -7.702938
            ],
            [
              110.339301,
              -7.799118
            ],
            [
              110.348104,
              -7.845003
            ],
            [
              110.243541,
              -7.879278
            ],
            [
              110.214823,
              -7.762292
            ],
            [
              110.266578,
              -7.706897
            ]
          ]
        ]
      },
      "properties": {}
    },
    {
      "type": "Feature",
      "geometry": {
        "type": "Polygon",
        "coordinates": [
          [
            [
              116.313818,
              -8.551681
            ],
            [
              116.10486,
              -8.762406
            ],
            [
              116.107358,
              -8.790744
            ],
            [
              116.382468,
              -8.795657
            ],
            [
              116.371311,
              -8.653721
            ]
          ]
        ]
      },
      "properties": {}
    }
  ]
}